,Nazwa,Kod,Jm,Ilość,Cena net.,Wartość net.,Stawka,Asortyment,Kategoria,Podatek,Marża net.,Cena sprz,Producent,Opis 1,Opis 2,Opis 3,Opis 4,Ilość kg/l,Il. w opak. zbiorczym
,21D SAMSUNG M31S,20008611,szt,"1,00","4,99","4,99",23 %,5D,,"1,15","23,47","28,46",,,,,,0,0
,5D HUAWEI P SMART PRO,20002312,szt,"2,00","14,00","28,00",23 %,5D,,"6,44","51,68","65,68",,,,,,0,0
,5D HUAWEI P20,20000738,szt,"1,00","14,00","14,00",23 %,5D,,"3,22","25,84","39,84",,,,,,0,0
,5D HUAWEI P20 LITE,20000721,szt,"3,00","4,99","14,97",23 %,5D,,"3,45","104,55","109,54",,,,,,0,0
,5D HUAWEI P30 PRO,20000462,szt,"1,00","8,70","8,70",23 %,5D,,"2,00","31,14","39,84",,,,,,0,0
,5D HUAWEI P40,20000622,szt,"1,00","10,36","10,36",23 %,5D,,"2,38","21,35","31,71",,,,,,0,0
,5D HUAWEI P40 LITE,20000561,szt,"1,00","14,00","14,00",23 %,5D,,"3,22","25,84","39,84",,,,,,0,0
,5D HUAWEI P40 LITE E,20000585,szt,"2,00","14,00","28,00",23 %,5D,,"6,44","51,68","65,68",,,,,,0,0
,5D HUAWEI P40 X-ONE,20000608,szt,"2,00","39,24","78,48",23 %,5D,,"18,06","33,72","72,96",,,,,,0,0
,5D HUAWEI Y7 2018,20002237,szt,"3,00","14,00","42,00",23 %,5D,,"9,66","77,52","91,52",,,,,,0,0
,"5D IPHONE 6 PLUS, 6S PLUS",20002589,szt,"1,00","14,00","14,00",23 %,5D,,"3,22","25,84","39,84",,,,,,0,0
,5D IPHONE 6S PLUS,20002817,szt,"1,00","14,00","14,00",23 %,5D,,"3,22","25,84","39,84",,,,,,0,0
,5D IPHONE 7/8 PLUS,20002794,szt,"2,00","14,00","28,00",23 %,5D,,"6,44","51,68","65,68",,,,,,0,0
,"5D IPHONE XS MAX, 11 PRO MAX",20002022,szt,"7,00","6,90","48,30",23 %,5D,,"11,13","230,58","237,48",,,,,,0,0
,"5D IPHONE XS MAX, 11 PRO MAX MONKEY",20002015,szt,"2,00","36,89","73,78",23 %,5D,,"16,96","70,94","107,83",,,,,,0,0
,5D SAMSUNG A51,20001964,szt,"1,00","11,00","11,00",23 %,5D,,"2,53","28,84","39,84",,,,,,0,0
,5D SAMSUNG A6 2018,20001773,szt,"2,00","14,00","28,00",23 %,5D,,"6,44","51,68","65,68",,,,,,0,0
,5D SAMSUNG A70,20008024,szt,"1,00","6,90","6,90",23 %,5D,,"1,59","32,94","39,84",,,,,,0,0
,5D SAMSUNG NOTE 10 PLUS,20000301,szt,"1,00","36,89","36,89",23 %,5D,,"8,48","27,34","64,23",,,,,,0,0
,5D SAMSUNG S10,20000073,szt,"2,00","14,00","28,00",23 %,5D,,"6,44","51,68","65,68",,,,,,0,0
,5D SAMSUNG S10 LITE,20000226,szt,"2,00","14,00","28,00",23 %,5D,,"6,44","51,68","65,68",,,,,,0,0
,5D SAMSUNG S10 PLUS,20011109,szt,"1,00","14,00","14,00",23 %,5D,,"3,22","25,84","39,84",,,,,,0,0
,5D SAMSUNG S8 PLUS,20000202,szt,"2,00","14,00","28,00",23 %,5D,,"6,44","51,68","65,68",,,,,,0,0
,"5D SZKŁO SAMSUNG A21, A21S",20011215,szt,"1,00","14,00","14,00",23 %,5D,,"3,22","25,84","39,84",,,,,,0,0
,5D SZKŁO XIAOMI MI 11 LITE 4G/5G,20010249,szt,"2,00","4,99","9,98",23 %,5D,,"2,30","69,70","74,69",,,,,,0,0
,5D XIAOMI MI 10 LITE,20002558,szt,"1,00","14,00","14,00",23 %,5D,,"3,22","25,84","39,84",,,,,,0,0
,"5D XIAOMI MI 10T 5G, MI 10T PRO 5G",20010140,szt,"2,00","4,99","9,98",23 %,5D,,"2,30","69,70","74,69",,,,,,0,0
,5D XIAOMI MI 8T,20002411,szt,"1,00","14,00","14,00",23 %,5D,,"3,22","25,84","39,84",,,,,,0,0
,5D XIAOMI MI 9T,20002428,szt,"3,00","6,90","20,70",23 %,5D,,"4,77","98,82","105,72",,,,,,0,0
,5D XIAOMI MI A3,20011550,szt,"2,00","4,88","9,76",23 %,5D,,"2,24","69,92","74,80",,,,,,0,0
,5D XIAOMI REDMI 7A,20002350,szt,"4,00","14,00","56,00",23 %,5D,,"12,88","103,36","117,36",,,,,,0,0
,"5D XIAOMI REDMI NOTE 10, 10S",20010843,szt,"1,00","8,70","8,70",23 %,5D,,"2,00","31,14","39,84",,,,,,0,0
,ADAPTER HF/AUDIO TYPE C-JACK 3.5MM,20006617,szt,"3,00","4,79","14,37",23 %,ADAPTERY,,"3,30","22,23","27,02",,,,,,0,0
,ADAPTER HOCO DO KART PAMIĘCI,20009823,szt,"2,00","2,99","5,98",23 %,ADAPTERY,,"1,38","10,28","13,27",,,,,,0,0
,ADAPTER SIM,20006563,szt,"4,00","1,24","4,96",23 %,ADAPTERY,,"1,16","27,56","28,80",,,,,,0,0
,ADAPTER WIRELESS CHARGER FOR MICRO USB,20006624,szt,"1,00","7,80","7,80",23 %,ADAPTERY,,"1,79","12,53","20,33",,,,,,0,0
,"AUX 3,5 TO 3,5",20005931,szt,"4,00","2,88","11,52",23 %,AUX,,"2,64","69,80","72,68",,,,,,0,0
,"BASEUS AUX 3,5 TO 3,5 1.5M",20011574,szt,"1,00","12,07","12,07",23 %,AUX,,"2,78","16,39","28,46",,,,,,0,0
,BASEUS TRANSMITER + CAR CHARGER T TYPED S-09A,20008802,szt,"1,00","35,00","35,00",23 %,TRANSMITERY,,"8,05","25,98","60,98",,,,,,0,0
,BATERIA ALKALICZNA VARTA R3 (AAA),20007645,szt,"12,00","1,43","17,16",23 %,ALKALICZNE,,"3,96","31,68","33,11",,,,,,0,0
,BATERIA ALKALICZNA VARTA R6 (AA),20007652,szt,"3,00","1,44","4,32",23 %,ALKALICZNE,,"0,99","7,89","9,33",,,,,,0,0
,BATERIA IPHONE 5G,20003289,szt,"1,00","19,50","19,50",23 %,IPHONE,,"4,49","45,54","65,04",,,,,,0,0
,BATERIA IPHONE 5S,20003272,szt,"2,00","19,50","39,00",23 %,IPHONE,,"8,98","91,08","110,58",,,,,,0,0
,BATERIA IPHONE 6 PLUS,20003319,szt,"2,00","27,00","54,00",23 %,IPHONE,,"12,42","108,60","135,60",,,,,,0,0
,BATERIA IPHONE 6S,20006976,szt,"1,00","21,50","21,50",23 %,IPHONE,,"4,95","59,80","81,30",,,,,,0,0
,BATERIA IPHONE 7 PLUS,20003340,szt,"2,00","31,50","63,00",23 %,IPHONE,,"14,50","99,60","131,10",,,,,,0,0
,BATERIA IPHONE 8 PLUS,20003364,szt,"1,00","29,40","29,40",23 %,IPHONE,,"6,76","51,90","81,30",,,,,,0,0
,BATERIA IPHONE SE,20003302,szt,"2,00","29,48","58,96",23 %,IPHONE,,"13,56","103,64","133,12",,,,,,0,0
,BATERIA LITOWA VARTA CR2025,20007669,szt,"4,00","2,37","9,48",23 %,LITOWE,,"2,20","13,28","15,65",,,,,,0,0
,BATERIA NOKIA 5220XM,20009052,szt,"1,00","9,90","9,90",23 %,FAKE,,"2,28","14,49","24,39",,,,,,0,0
,BATERIA NOKIA LUMIA 435/532,20005030,szt,"1,00","13,00","13,00",23 %,FAKE,,"2,99","11,39","24,39",,,,,,0,0
,BATERIA NOKIA LUMIA 520,20004989,szt,"1,00","9,23","9,23",23 %,FAKE,,"2,12","15,16","24,39",,,,,,0,0
,BATERIA NOKIA LUMIA 620,20005023,szt,"1,00","8,10","8,10",23 %,FAKE,,"1,86","16,29","24,39",,,,,,0,0
,BATERIA NOKIA LUMIA 650,20004996,szt,"2,00","13,80","27,60",23 %,FAKE,,"6,34","21,18","34,98",,,,,,0,0
,BATERIA NOKIA LUMIA 730,20005016,szt,"1,00","13,80","13,80",23 %,FAKE,,"3,17","10,59","24,39",,,,,,0,0
,BATERIA ORYG NOKIA BL4U,20004972,szt,"2,00","15,00","30,00",23 %,ORIGINAL,,"6,90","35,04","50,04",,,,,,0,0
,BATERIA ORYG NOKIA BL5C,20004965,szt,"1,00","13,90","13,90",23 %,ORIGINAL,,"3,20","18,62","32,52",,,,,,0,0
,BATERIA ORYG SAMSUNG A3 2016,20004712,szt,"2,00","26,00","52,00",23 %,ORYGINALNE,,"11,96","110,60","136,60",,,,,,0,0
,BATERIA ORYG SAMSUNG A5 2017,20004743,szt,"2,00","26,00","52,00",23 %,ORYGINALNE,,"11,96","110,60","136,60",,,,,,0,0
,BATERIA ORYG SAMSUNG J700,20004767,szt,"1,00","23,00","23,00",23 %,ORYGINALNE,,"5,29","9,52","32,52",,,,,,0,0
,BATERIA ORYG SAMSUNG S4 MINI,20004705,szt,"1,00","26,00","26,00",23 %,ORYGINALNE,,"5,98","6,52","32,52",,,,,,0,0
,BATERIA ORYG SAMSUNG S7,20004729,szt,"1,00","32,00","32,00",23 %,ORYGINALNE,,"7,36","49,30","81,30",,,,,,0,0
,BATERIA ORYG XIAOMI REDMI NOTE 4,20004781,szt,"1,00","29,36","29,36",23 %,ORYGINALNA,,"6,75","35,68","65,04",,,,,,0,0
,BATERIA ORYG XIAOMI REDMI NOTE 4X/3/3S,20004798,szt,"3,00","23,90","71,70",23 %,ORYGINALNA,,"16,50","123,42","147,32",,,,,,0,0
,BATERIA SAMSUNG A5 2016,20005078,szt,"1,00","23,00","23,00",23 %,ZAMIENNIKI,,"5,29","33,91","56,91",,,,,,0,0
,BATERIA SAMSUNG B2710,20005085,szt,"1,00","16,90","16,90",23 %,ZAMIENNIKI,,"3,89","11,56","28,46",,,,,,0,0
,BATERIA SAMSUNG G530/GRAND PRIME,20005122,szt,"1,00","11,38","11,38",23 %,ZAMIENNIKI,,"2,62","13,01","24,39",,,,,,0,0
,BATERIA SAMSUNG J5 2016,20005108,szt,"1,00","55,00","55,00",23 %,ZAMIENNIKI,,"12,65","8,41","63,41",,,,,,0,0
,BATERIA SAMSUNG J5 2017,20005160,szt,"1,00","16,90","16,90",23 %,ZAMIENNIKI,,"3,89","40,01","56,91",,,,,,0,0
,BATERIA SAMSUNG S6,20005153,szt,"1,00","24,00","24,00",23 %,ZAMIENNIKI,,"5,52","36,98","60,98",,,,,,0,0
,BATERIA SAMSUNG S7 EDGE,20005177,szt,"1,00","31,00","31,00",23 %,ZAMIENNIKI,,"7,13","38,11","69,11",,,,,,0,0
,BATERIA XIAOMI REDMI NOTE 4,20004804,szt,"1,00","20,33","20,33",23 %,ZAMIENNA,,"4,68","28,45","48,78",,,,,,0,0
,BLASZKA DO UCHWYTU,20006532,szt,"2,00","1,70","3,40",23 %,"BLASZKI , RINGI",,"0,78","12,86","14,56",,,,,,0,0
,FOLIA FLEXIBLE GLASS IPHONE XSMAX/11 PRO MAX/12 PRO MAX,20007829,szt,"1,00","11,00","11,00",23 %,FOLIA,,"2,53","45,10","56,10",,,,,,0,0
,FOLIA FLEXIBLE GLASS SAMSAUNG NOTE 10,20010850,szt,"1,00","21,00","21,00",23 %,FOLIA,,"4,83","35,10","56,10",,,,,,0,0
,FOLIA FLEXIBLE GLASS XIAOMI MI NOTE 10 LITE,20007836,szt,"1,00","21,00","21,00",23 %,FOLIA,,"4,83","35,10","56,10",,,,,,0,0
,FOLIA HUAWEI MATE 20 PRO,20000271,szt,"1,00","22,40","22,40",23 %,FOLIA,,"5,15","33,70","56,10",,,,,,0,0
,FOLIA HUAWEI P20,20010065,szt,"1,00","11,00","11,00",23 %,FOLIA,,"2,53","28,84","39,84",,,,,,0,0
,FOLIA HUAWEI P30,20000318,szt,"1,00","22,40","22,40",23 %,FOLIA,,"5,15","33,70","56,10",,,,,,0,0
,FOLIA HUAWEI P40 PRO,20000325,szt,"3,00","22,40","67,20",23 %,FOLIA,,"15,45","101,10","123,50",,,,,,0,0
,FOLIA IPHONE 13 MIMI,20011925,szt,"1,00","11,00","11,00",23 %,FOLIA,,"2,53","28,84","39,84",,,,,,0,0
,"FOLIA IPHONE 6 PLUS, 6S PLUS",20002572,szt,"4,00","22,40","89,60",23 %,FOLIA,,"20,60","134,80","157,20",,,,,,0,0
,FOLIA IPHONE 7/8 PLUS,20002800,szt,"1,00","15,01","15,01",23 %,FOLIA,,"3,45","24,83","39,84",,,,,,0,0
,FOLIA OPASKA XIAOMI MIBAND 4,20008925,szt,"2,00","12,50","25,00",23 %,FOLIA,,"5,76","31,92","44,42",,,,,,0,0
,FOLIA OPASKA XIAOMI MIBAND 5,20008932,szt,"2,00","4,44","8,88",23 %,FOLIA,,"2,04","48,04","52,48",,,,,,0,0
,FOLIA OPASKA XIAOMI MIBAND 6,20010393,szt,"1,00","4,44","4,44",23 %,FOLIA,,"1,02","24,02","28,46",,,,,,0,0
,FOLIA SAMSUNG A32,20011178,szt,"1,00","11,00","11,00",23 %,FOLIA,,"2,53","28,84","39,84",,,,,,0,0
,FOLIA SAMSUNG A9 2018,20001797,szt,"1,00","22,40","22,40",23 %,FOLIA,,"5,15","33,70","56,10",,,,,,0,0
,FOLIA SAMSUNG NOTE 9,20000332,szt,"2,00","22,40","44,80",23 %,FOLIA,,"10,30","67,40","89,80",,,,,,0,0
,FOLIA SAMSUNG S10,20007034,szt,"1,00","21,00","21,00",23 %,FOLIA,,"4,83","35,10","56,10",,,,,,0,0
,FOLIA SAMSUNG S10E,20000103,szt,"4,00","22,40","89,60",23 %,FOLIA,,"20,60","134,80","157,20",,,,,,0,0
,FOLIA SAMSUNG S20 PLUS,20000035,szt,"1,00","21,00","21,00",23 %,FOLIA,,"4,83","35,10","56,10",,,,,,0,0
,FOLIA SAMSUNG S20 ULTRA,20000011,szt,"1,00","21,00","21,00",23 %,FOLIA,,"4,83","35,10","56,10",,,,,,0,0
,FOLIA SAMSUNG S21,20009274,szt,"2,00","21,00","42,00",23 %,FOLIA,,"9,66","70,20","91,20",,,,,,0,0
,FOLIA SAMSUNG S21 PLUS,20009281,szt,"3,00","21,00","63,00",23 %,FOLIA,,"14,49","105,30","126,30",,,,,,0,0
,FOLIA SAMSUNG S21 ULTRA,20009113,szt,"1,00","21,00","21,00",23 %,FOLIA,,"4,83","35,10","56,10",,,,,,0,0
,FOLIA SAMSUNG S7 EDGE MONKEY,20000196,szt,"1,00","22,40","22,40",23 %,FOLIA,,"5,15","33,70","56,10",,,,,,0,0
,FOLIA SAMSUNG S8 PLUS,20011802,szt,"1,00","22,40","22,40",23 %,FOLIA,,"5,15","33,70","56,10",,,,,,0,0
,FOLIA SAMSUNG S9,20011277,szt,"1,00","21,00","21,00",23 %,FOLIA,,"4,83","35,10","56,10",,,,,,0,0
,FOLIA SAMSUNG XCOVER 4,20010997,szt,"1,00","7,00","7,00",23 %,FOLIA,,"1,61","24,71","31,71",,,,,,0,0
,FOLIA XIAOMI MI 10 PRO,20000530,szt,"2,00","22,40","44,80",23 %,FOLIA,,"10,30","67,40","89,80",,,,,,0,0
,GŁOŚNIK REMAX BEZPRZEWODOWY,20011024,szt,"1,00","37,90","37,90",23 %,Bezprzewodowe,,"8,72","23,08","60,98",,,,,,0,0
,GUMKI DO SLUCHAWEK,20009045,szt,"2,00","1,99","3,98",23 %,INNE,,"0,92","7,40","9,39",,,,,,0,0
,HF BASEUS ENCOK,20002671,szt,"1,00","33,21","33,21",23 %,HF,,"7,64","14,76","47,97",,,,,,0,0
,HF BLUETOOTH JABRA TALK 5,20008444,szt,"1,00","57,00","57,00",23 %,HF BLUETOOTH,,"13,11","20,24","77,24",,,,,,0,0
,HF HOCO DO IPHONE M1 PRO,20010355,szt,"1,00","9,50","9,50",23 %,HF,,"2,19","22,21","31,71",,,,,,0,0
,HF METAL BOX JACK,20007041,szt,"1,00","6,30","6,30",23 %,HF,,"1,45","22,16","28,46",,,,,,0,0
,HF OPPO MH135-3 USB C,20010362,szt,"1,00","23,00","23,00",23 %,HF,,"5,29","16,84","39,84",,,,,,0,0
,HF ORYG SAMSUNG EG900BW,20002763,szt,"1,00","11,50","11,50",23 %,HF ORYGINALNE,,"2,65","16,96","28,46",,,,,,0,0
,HF ORYG SAMSUNG EHS64,20008741,szt,"2,00","9,75","19,50",23 %,HF ORYGINALNE,,"4,48","37,42","47,17",,,,,,0,0
,HF REMAX CANDY 505,20002664,szt,"1,00","18,50","18,50",23 %,HF,,"4,26","9,96","28,46",,,,,,0,0
,HF REMAX RB-T33,20010102,szt,"1,00","23,96","23,96",23 %,HF BLUETOOTH,,"5,51","15,88","39,84",,,,,,0,0
,HF REMAX TWS-16,20008437,szt,"1,00","39,00","39,00",23 %,HF BLUETOOTH,,"8,97","21,98","60,98",,,,,,0,0
,HF TYP C HR-ME25,20011239,szt,"1,00","6,50","6,50",23 %,HF,,"1,50","21,96","28,46",,,,,,0,0
,HF TYP C JH-081,20011321,szt,"1,00","14,75","14,75",23 %,HF,,"3,39","16,96","31,71",,,,,,0,0
,HOCO ADAPTER TYP C TO USB A,20011383,szt,"2,00","6,90","13,80",23 %,ADAPTERY,,"3,18","17,10","24,00",,,,,,0,0
,HOCO SŁUCHAWKI BLUETOOTH ES57,20011499,szt,"1,00","81,00","81,00",23 %,HF BLUETOOTH,,"18,63","28,76","109,76",,,,,,0,0
,"INDUKCJA BASEUS WIRELESS CHARGER 5W, 10W",20005771,szt,"2,00","25,97","51,94",23 %,INDUKCYJNE,,"11,94","44,00","69,97",,,,,,0,0
,JELLY HUAWEI MATE 40 PRO,20009564,szt,"1,00","2,08","2,08",23 %,JELLY,,"0,48","21,50","23,58",,,,,,0,0
,JELLY HUAWEI P SMART 2021,20011413,szt,"1,00","2,70","2,70",23 %,JELLY,,"0,62","20,88","23,58",,,,,,0,0
,JELLY HUAWEI P SMART PRO/PLUS 2019,20003586,szt,"4,00","6,77","27,08",23 %,JELLY,,"6,24","67,24","74,01",,,,,,0,0
,JELLY HUAWEI P SMART Z,20004477,szt,"2,00","1,27","2,54",23 %,JELLY,,"0,58","44,62","45,89",,,,,,0,0
,JELLY HUAWEI P20 LITE,20003685,szt,"1,00","6,77","6,77",23 %,JELLY,,"1,56","16,81","23,58",,,,,,0,0
,JELLY HUAWEI P20 PRO,20003807,szt,"1,00","6,77","6,77",23 %,JELLY,,"1,56","16,81","23,58",,,,,,0,0
,JELLY HUAWEI P30,20004415,szt,"14,00","6,77","94,78",23 %,JELLY,,"21,84","235,34","242,11",,,,,,0,0
,JELLY HUAWEI P30 LITE,20004361,szt,"3,00","6,00","18,00",23 %,JELLY,,"4,14","52,74","58,74",,,,,,0,0
,JELLY HUAWEI P40,20003876,szt,"10,00","6,77","67,70",23 %,JELLY,,"15,60","168,10","174,87",,,,,,0,0
,JELLY HUAWEI P40 LITE,20003814,szt,"2,00","3,50","7,00",23 %,JELLY,,"1,62","40,16","43,66",,,,,,0,0
,JELLY HUAWEI P40 LITE E,20003913,szt,"12,00","6,77","81,24",23 %,JELLY,,"18,72","201,72","208,49",,,,,,0,0
,JELLY HUAWEI P40 PRO,20003852,szt,"4,00","7,80","31,20",23 %,JELLY,,"7,16","63,12","70,92",,,,,,0,0
,JELLY HUAWEI Y5 2018,20004002,szt,"7,00","6,77","47,39",23 %,JELLY,,"10,92","117,67","124,44",,,,,,0,0
,JELLY HUAWEI Y5 2019,20003722,szt,"11,00","6,77","74,47",23 %,JELLY,,"17,16","184,91","191,68",,,,,,0,0
,JELLY HUAWEI Y5P,20003593,szt,"5,00","6,77","33,85",23 %,JELLY,,"7,80","84,05","90,82",,,,,,0,0
,JELLY HUAWEI Y6 2018,20003944,szt,"2,00","6,77","13,54",23 %,JELLY,,"3,12","33,62","40,39",,,,,,0,0
,JELLY HUAWEI Y6 2019,20003630,szt,"3,00","6,77","20,31",23 %,JELLY,,"4,68","50,43","57,20",,,,,,0,0
,JELLY HUAWEI Y6P,20004033,szt,"4,00","6,77","27,08",23 %,JELLY,,"6,24","67,24","74,01",,,,,,0,0
,JELLY HUAWEI Y7 2019,20003609,szt,"10,00","6,77","67,70",23 %,JELLY,,"15,60","168,10","174,87",,,,,,0,0
,JELLY IPHONE 11,20002893,szt,"2,00","6,00","12,00",23 %,JELLY,,"2,76","35,16","41,16",,,,,,0,0
,JELLY IPHONE 11 PRO,20003524,szt,"10,00","4,49","44,90",23 %,JELLY,,"10,30","190,90","195,39",,,,,,0,0
,JELLY IPHONE 11 PRO MAX,20003043,szt,"1,00","6,77","6,77",23 %,JELLY,,"1,56","16,81","23,58",,,,,,0,0
,JELLY IPHONE 12 MINI,20007287,szt,"2,00","3,79","7,58",23 %,JELLY,,"1,74","39,58","43,37",,,,,,0,0
,"JELLY IPHONE 12, 12 PRO",20003173,szt,"2,00","4,05","8,10",23 %,JELLY,,"1,86","39,06","43,11",,,,,,0,0
,JELLY IPHONE 5/5S/SE,20003081,szt,"1,00","3,49","3,49",23 %,JELLY,,"0,80","20,09","23,58",,,,,,0,0
,JELLY IPHONE 6/6S,20002824,szt,"3,00","6,95","20,85",23 %,JELLY,,"4,80","49,89","56,84",,,,,,0,0
,JELLY IPHONE 6/6S PLUS,20002855,szt,"3,00","6,77","20,31",23 %,JELLY,,"4,68","50,43","57,20",,,,,,0,0
,JELLY IPHONE 7/8/2020SE,20002862,szt,"5,00","6,00","30,00",23 %,JELLY,,"6,90","87,90","93,90",,,,,,0,0
,"JELLY IPHONE 7PLUS, 8PLUS",20002930,szt,"2,00","10,90","21,80",23 %,JELLY,,"5,02","25,36","36,26",,,,,,0,0
,JELLY IPHONE X/XS,20002985,szt,"4,00","3,90","15,60",23 %,JELLY,,"3,60","78,72","82,62",,,,,,0,0
,JELLY IPHONE XR,20003470,szt,"8,00","1,70","13,60",23 %,JELLY,,"3,12","175,04","176,74",,,,,,0,0
,JELLY IPHONE XS MAX,20003098,szt,"4,00","0,99","3,96",23 %,JELLY,,"0,92","90,36","91,35",,,,,,0,0
,JELLY NOTE 20 ULTRA,20010003,szt,"2,00","8,00","16,00",23 %,JELLY,,"3,68","31,16","39,16",,,,,,0,0
,JELLY OPPO A15,20009984,szt,"1,00","2,08","2,08",23 %,JELLY,,"0,48","21,50","23,58",,,,,,0,0
,JELLY OPPO A52/A72,20011987,szt,"1,00","2,70","2,70",23 %,JELLY,,"0,62","20,88","23,58",,,,,,0,0
,JELLY OPPO A54,20011970,szt,"1,00","2,70","2,70",23 %,JELLY,,"0,62","20,88","23,58",,,,,,0,0
,JELLY OPPO RENO4,20011994,szt,"1,00","2,70","2,70",23 %,JELLY,,"0,62","20,88","23,58",,,,,,0,0
,JELLY ORG SAMSUNG S10 PLUS,20001087,szt,"1,00","87,33","87,33",23 %,ORYGINAŁ,,"20,09","33,81","121,14",,,,,,0,0
,JELLY ORYG HUAWEI P40,20003906,szt,"1,00","20,00","20,00",23 %,ORYGINAŁ,,"4,60","8,46","28,46",,,,,,0,0
,JELLY ORYG HUAWEI Y6 2019,20003647,szt,"2,00","15,00","30,00",23 %,ORYGINAŁ,,"6,90","26,92","41,92",,,,,,0,0
,JELLY P SMART 2019,20003555,szt,"6,00","6,77","40,62",23 %,JELLY,,"9,36","100,86","107,63",,,,,,0,0
,JELLY REALME 8,20011963,szt,"2,00","8,50","17,00",23 %,JELLY,,"3,92","30,16","38,66",,,,,,0,0
,JELLY SAMSUNG A02S,20009458,szt,"1,00","2,08","2,08",23 %,JELLY,,"0,48","18,25","20,33",,,,,,0,0
,JELLY SAMSUNG A03S,20011758,szt,"1,00","8,40","8,40",23 %,JELLY,,"1,93","15,18","23,58",,,,,,0,0
,JELLY SAMSUNG A10,20000950,szt,"10,00","6,77","67,70",23 %,JELLY,,"15,60","168,10","174,87",,,,,,0,0
,JELLY SAMSUNG A20E,20001391,szt,"2,00","4,05","8,10",23 %,JELLY,,"1,86","39,06","43,11",,,,,,0,0
,JELLY SAMSUNG A20S,20007690,szt,"1,00","2,80","2,80",23 %,JELLY,,"0,64","20,78","23,58",,,,,,0,0
,JELLY SAMSUNG A21,20007997,szt,"6,00","6,00","36,00",23 %,JELLY,,"8,28","105,48","111,48",,,,,,0,0
,JELLY SAMSUNG A21S,20000868,szt,"3,00","1,95","5,85",23 %,JELLY,,"1,35","64,89","66,84",,,,,,0,0
,JELLY SAMSUNG A22 4G,20011697,szt,"2,00","7,70","15,40",23 %,JELLY,,"3,54","41,52","49,22",,,,,,0,0
,JELLY SAMSUNG A22 5G,20010874,szt,"2,00","6,00","12,00",23 %,JELLY,,"2,76","35,16","41,16",,,,,,0,0
,JELLY SAMSUNG A30,20001384,szt,"14,00","6,77","94,78",23 %,JELLY,,"21,84","235,34","242,11",,,,,,0,0
,JELLY SAMSUNG A31,20001292,szt,"3,00","4,05","12,15",23 %,JELLY,,"2,79","58,59","62,64",,,,,,0,0
,JELLY SAMSUNG A32 5G,20009311,szt,"5,00","4,05","20,25",23 %,JELLY,,"4,65","97,65","101,70",,,,,,0,0
,JELLY SAMSUNG A40,20001490,szt,"4,00","3,90","15,60",23 %,JELLY,,"3,60","78,72","82,62",,,,,,0,0
,JELLY SAMSUNG A41,20000875,szt,"6,00","3,90","23,40",23 %,JELLY,,"5,40","118,08","121,98",,,,,,0,0
,JELLY SAMSUNG A42 5G,20010164,szt,"1,00","9,90","9,90",23 %,JELLY,,"2,28","13,68","23,58",,,,,,0,0
,JELLY SAMSUNG A51,20001537,szt,"1,00","4,05","4,05",23 %,JELLY,,"0,93","19,53","23,58",,,,,,0,0
,JELLY SAMSUNG A70,20001261,szt,"2,00","10,90","21,80",23 %,JELLY,,"5,02","25,36","36,26",,,,,,0,0
,JELLY SAMSUNG A71,20001186,szt,"4,00","3,90","15,60",23 %,JELLY,,"3,60","78,72","82,62",,,,,,0,0
,JELLY SAMSUNG J3 2017,20003401,szt,"2,00","6,77","13,54",23 %,JELLY,,"3,12","33,62","40,39",,,,,,0,0
,JELLY SAMSUNG J5 2017,20003456,szt,"1,00","6,77","6,77",23 %,JELLY,,"1,56","16,81","23,58",,,,,,0,0
,JELLY SAMSUNG J6 2018,20003449,szt,"4,00","6,77","27,08",23 %,JELLY,,"6,24","67,24","74,01",,,,,,0,0
,JELLY SAMSUNG J7 2017,20003371,szt,"3,00","6,77","20,31",23 %,JELLY,,"4,68","50,43","57,20",,,,,,0,0
,JELLY SAMSUNG M11 A11,20009168,szt,"2,00","1,95","3,90",23 %,JELLY,,"0,90","43,26","45,21",,,,,,0,0
,JELLY SAMSUNG M31,20003531,szt,"6,00","6,77","40,62",23 %,JELLY,,"9,36","100,86","107,63",,,,,,0,0
,JELLY SAMSUNG M31S,20008055,szt,"5,00","6,00","30,00",23 %,JELLY,,"6,90","87,90","93,90",,,,,,0,0
,JELLY SAMSUNG M51,20007362,szt,"1,00","2,08","2,08",23 %,JELLY,,"0,48","21,50","23,58",,,,,,0,0
,JELLY SAMSUNG NOTE 10,20001148,szt,"3,00","6,77","20,31",23 %,JELLY,,"4,68","50,43","57,20",,,,,,0,0
,JELLY SAMSUNG NOTE 10 PLUS,20001124,szt,"3,00","6,77","20,31",23 %,JELLY,,"4,68","50,43","57,20",,,,,,0,0
,JELLY SAMSUNG S10,20000981,szt,"17,00","3,49","59,33",23 %,JELLY,,"13,60","341,53","345,02",,,,,,0,0
,JELLY SAMSUNG S10 LITE,20001025,szt,"2,00","6,77","13,54",23 %,JELLY,,"3,12","33,62","40,39",,,,,,0,0
,JELLY SAMSUNG S10 PLUS,20001063,szt,"6,00","6,77","40,62",23 %,JELLY,,"9,36","100,86","107,63",,,,,,0,0
,JELLY SAMSUNG S10E,20001667,szt,"12,00","6,77","81,24",23 %,JELLY,,"18,72","201,72","208,49",,,,,,0,0
,JELLY SAMSUNG S20,20001568,szt,"3,00","6,00","18,00",23 %,JELLY,,"4,14","52,74","58,74",,,,,,0,0
,JELLY SAMSUNG S20 PLUS,20001575,szt,"1,00","6,95","6,95",23 %,JELLY,,"1,60","16,63","23,58",,,,,,0,0
,JELLY SAMSUNG S20 ULTRA,20001599,szt,"6,00","6,77","40,62",23 %,JELLY,,"9,36","100,86","107,63",,,,,,0,0
,"JELLY SAMSUNG S20FE, S20FE 5G",20008239,szt,"2,00","2,29","4,58",23 %,JELLY,,"1,06","42,58","44,87",,,,,,0,0
,JELLY SAMSUNG S21 PLUS,20009205,szt,"2,00","8,40","16,80",23 %,JELLY,,"3,86","30,36","38,76",,,,,,0,0
,JELLY SAMSUNG S9,20001346,szt,"3,00","6,77","20,31",23 %,JELLY,,"4,68","50,43","57,20",,,,,,0,0
,JELLY SAMSUNG S9 PLUS,20001353,szt,"3,00","6,77","20,31",23 %,JELLY,,"4,68","50,43","57,20",,,,,,0,0
,JELLY SAMSUNG XCOVER PRO,20008147,szt,"1,00","6,00","6,00",23 %,JELLY,,"1,38","17,58","23,58",,,,,,0,0
,JELLY SPECJAL CIEL BY CYRILL IPHONE 11 PRO MAX,20003036,szt,"1,00","10,90","10,90",23 %,JELLY SPECJAL,,"2,51","17,56","28,46",,,,,,0,0
,JELLY SPECJAL HUAWEI MATE 10 LITE,20004569,szt,"1,00","10,90","10,90",23 %,JELLY SPECJAL,,"2,51","17,56","28,46",,,,,,0,0
,JELLY SPECJAL HUAWEI MATE 20 LITE,20004521,szt,"1,00","10,90","10,90",23 %,JELLY SPECJAL,,"2,51","17,56","28,46",,,,,,0,0
,JELLY SPECJAL HUAWEI P SMART Z,20004484,szt,"1,00","10,90","10,90",23 %,JELLY SPECJAL,,"2,51","17,56","28,46",,,,,,0,0
,JELLY SPECJAL HUAWEI P30 LITE,20004385,szt,"1,00","8,00","8,00",23 %,JELLY SPECJAL,,"1,84","20,46","28,46",,,,,,0,0
,JELLY SPECJAL HUAWEI P30 PRO,20004293,szt,"1,00","8,00","8,00",23 %,JELLY SPECJAL,,"1,84","20,46","28,46",,,,,,0,0
,JELLY SPECJAL HUAWEI P40 LITE E,20003920,szt,"1,00","10,90","10,90",23 %,JELLY SPECJAL,,"2,51","17,56","28,46",,,,,,0,0
,JELLY SPECJAL HUAWEI Y5 2018,20004019,szt,"1,00","10,90","10,90",23 %,JELLY SPECJAL,,"2,51","17,56","28,46",,,,,,0,0
,JELLY SPECJAL HUAWEI Y5 2019,20003739,szt,"3,00","10,90","32,70",23 %,JELLY SPECJAL,,"7,53","52,68","63,58",,,,,,0,0
,JELLY SPECJAL HUAWEI Y7 2019,20003616,szt,"1,00","10,90","10,90",23 %,JELLY SPECJAL,,"2,51","17,56","28,46",,,,,,0,0
,JELLY SPECJAL IPHONE 11 PRO,20003517,szt,"2,00","8,00","16,00",23 %,JELLY SPECJAL,,"3,68","40,92","48,92",,,,,,0,0
,JELLY SPECJAL IPHONE 11 PRO MAX,20003074,szt,"9,00","10,90","98,10",23 %,JELLY SPECJAL,,"22,59","158,04","168,94",,,,,,0,0
,JELLY SPECJAL IPHONE 12 MINI,20007270,szt,"1,00","5,00","5,00",23 %,JELLY SPECJAL,,"1,15","23,46","28,46",,,,,,0,0
,JELLY SPECJAL IPHONE 12 PRO,20003142,szt,"3,00","8,00","24,00",23 %,JELLY SPECJAL,,"5,52","61,38","69,38",,,,,,0,0
,JELLY SPECJAL IPHONE 12 PRO MAX,20003159,szt,"2,00","5,00","10,00",23 %,JELLY SPECJAL,,"2,30","46,92","51,92",,,,,,0,0
,JELLY SPECJAL IPHONE 13 MINI,20011314,szt,"2,00","8,93","17,86",23 %,JELLY SPECJAL,,"4,10","39,06","47,99",,,,,,0,0
,JELLY SPECJAL IPHONE 13 PRO MAX,20011307,szt,"2,00","8,93","17,86",23 %,JELLY SPECJAL,,"4,10","39,06","47,99",,,,,,0,0
,JELLY SPECJAL IPHONE 6/6S,20002831,szt,"1,00","10,90","10,90",23 %,JELLY SPECJAL,,"2,51","17,56","28,46",,,,,,0,0
,JELLY SPECJAL IPHONE 7/8/2020SE,20007508,szt,"6,00","9,90","59,40",23 %,JELLY SPECJAL,,"13,68","111,36","121,26",,,,,,0,0
,JELLY SPECJAL IPHONE X/XS,20002992,szt,"3,00","10,90","32,70",23 %,JELLY SPECJAL,,"7,53","52,68","63,58",,,,,,0,0
,JELLY SPECJAL IPHONE XR,20003463,szt,"1,00","10,90","10,90",23 %,JELLY SPECJAL,,"2,51","17,56","28,46",,,,,,0,0
,JELLY SPECJAL IPHONE XS MAX,20003104,szt,"2,00","10,90","21,80",23 %,JELLY SPECJAL,,"5,02","35,12","46,02",,,,,,0,0
,JELLY SPECJAL SAMSUNG A02S,20009465,szt,"1,00","10,98","10,98",23 %,JELLY SPECJAL,,"2,53","17,48","28,46",,,,,,0,0
,JELLY SPECJAL SAMSUNG A10,20000967,szt,"3,00","10,90","32,70",23 %,JELLY SPECJAL,,"7,53","52,68","63,58",,,,,,0,0
,JELLY SPECJAL SAMSUNG A20E,20001407,szt,"4,00","10,90","43,60",23 %,JELLY SPECJAL,,"10,04","70,24","81,14",,,,,,0,0
,JELLY SPECJAL SAMSUNG A32,20011475,szt,"1,00","7,70","7,70",23 %,JELLY SPECJAL,,"1,77","20,76","28,46",,,,,,0,0
,JELLY SPECJAL SAMSUNG A32 5G,20011123,szt,"1,00","9,90","9,90",23 %,JELLY SPECJAL,,"2,28","18,56","28,46",,,,,,0,0
,JELLY SPECJAL SAMSUNG A40,20001469,szt,"3,00","8,00","24,00",23 %,JELLY SPECJAL,,"5,52","61,38","69,38",,,,,,0,0
,JELLY SPECJAL SAMSUNG A41,20000882,szt,"4,00","7,80","31,20",23 %,JELLY SPECJAL,,"7,16","82,64","90,44",,,,,,0,0
,JELLY SPECJAL SAMSUNG A50,20000929,szt,"3,00","6,70","20,10",23 %,JELLY SPECJAL,,"4,62","65,28","71,98",,,,,,0,0
,JELLY SPECJAL SAMSUNG A51,20001520,szt,"3,00","10,90","32,70",23 %,JELLY SPECJAL,,"7,53","52,68","63,58",,,,,,0,0
,JELLY SPECJAL SAMSUNG A52,20009366,szt,"1,00","8,20","8,20",23 %,JELLY SPECJAL,,"1,89","20,26","28,46",,,,,,0,0
,JELLY SPECJAL SAMSUNG A70,20001254,szt,"4,00","10,90","43,60",23 %,JELLY SPECJAL,,"10,04","70,24","81,14",,,,,,0,0
,JELLY SPECJAL SAMSUNG A72,20009625,szt,"4,00","10,90","43,60",23 %,JELLY SPECJAL,,"10,04","70,24","81,14",,,,,,0,0
,JELLY SPECJAL SAMSUNG M21,20001421,szt,"2,00","10,90","21,80",23 %,JELLY SPECJAL,,"5,02","35,12","46,02",,,,,,0,0
,JELLY SPECJAL SAMSUNG M31,20007713,szt,"3,00","7,90","23,70",23 %,JELLY,,"5,46","61,68","69,58",,,,,,0,0
,JELLY SPECJAL SAMSUNG M31S,20009175,szt,"2,00","8,00","16,00",23 %,JELLY SPECJAL,,"3,68","40,92","48,92",,,,,,0,0
,JELLY SPECJAL SAMSUNG M51,20007355,szt,"5,00","8,00","40,00",23 %,JELLY SPECJAL,,"9,20","102,30","110,30",,,,,,0,0
,JELLY SPECJAL SAMSUNG NOTE 10 PLUS,20001629,szt,"2,00","10,90","21,80",23 %,JELLY SPECJAL,,"5,02","35,12","46,02",,,,,,0,0
,JELLY SPECJAL SAMSUNG S10 PLUS,20001070,szt,"2,00","10,90","21,80",23 %,JELLY SPECJAL,,"5,02","35,12","46,02",,,,,,0,0
,JELLY SPECJAL SAMSUNG S10E,20001643,szt,"2,00","10,90","21,80",23 %,JELLY SPECJAL,,"5,02","35,12","46,02",,,,,,0,0
,JELLY SPECJAL SAMSUNG S20,20001551,szt,"3,00","8,00","24,00",23 %,JELLY SPECJAL,,"5,52","61,38","69,38",,,,,,0,0
,JELLY SPECJAL SAMSUNG S20 PLUS,20001582,szt,"7,00","8,00","56,00",23 %,JELLY SPECJAL,,"12,88","143,22","151,22",,,,,,0,0
,JELLY SPECJAL SAMSUNG S20FE,20007980,szt,"1,00","8,10","8,10",23 %,JELLY SPECJAL,,"1,86","20,36","28,46",,,,,,0,0
,JELLY SPECJAL SAMSUNG S21 PLUS,20008376,szt,"2,00","10,90","21,80",23 %,JELLY SPECJAL,,"5,02","35,12","46,02",,,,,,0,0
,JELLY SPECJAL SAMSUNG S21 ULTRA,20008383,szt,"1,00","10,90","10,90",23 %,JELLY SPECJAL,,"2,51","17,56","28,46",,,,,,0,0
,JELLY SPECJAL SAMSUNG S9,20001339,szt,"2,00","10,90","21,80",23 %,JELLY SPECJAL,,"5,02","35,12","46,02",,,,,,0,0
,JELLY SPECJAL XIAOMI REDMI 7,20008390,szt,"1,00","10,90","10,90",23 %,JELLY SPECJAL,,"2,51","17,56","28,46",,,,,,0,0
,JELLY SPECJAL XIAOMI REDMI 8A,20004118,szt,"2,00","10,90","21,80",23 %,JELLY SPECJAL,,"5,02","35,12","46,02",,,,,,0,0
,JELLY SPECJAL XIAOMI REDMI 9,20004330,szt,"4,00","8,00","32,00",23 %,JELLY SPECJAL,,"7,36","81,84","89,84",,,,,,0,0
,JELLY SPECJAL XIAOMI REDMI 9C,20007522,szt,"3,00","8,00","24,00",23 %,JELLY SPECJAL,,"5,52","61,38","69,38",,,,,,0,0
,JELLY SPECJAL XIAOMI REDMI NOTE 10 5G,20011833,szt,"2,00","7,99","15,98",23 %,JELLY SPECJAL,,"3,68","40,94","48,93",,,,,,0,0
,JELLY SPECJAL XIAOMI REDMI NOTE 10 PRO,20011482,szt,"2,00","7,99","15,98",23 %,JELLY SPECJAL,,"3,68","40,94","48,93",,,,,,0,0
,"JELLY SPECJAL XIAOMI REDMI NOTE 10, 10S",20010584,szt,"1,00","7,70","7,70",23 %,JELLY SPECJAL,,"1,77","20,76","28,46",,,,,,0,0
,JELLY SPECJAL XIAOMI REDMI NOTE 8,20003753,szt,"4,00","10,90","43,60",23 %,JELLY SPECJAL,,"10,04","70,24","81,14",,,,,,0,0
,JELLY SPECJAL XIAOMI REDMI NOTE 9 PRO/9S,20007737,szt,"3,00","8,00","24,00",23 %,JELLY,,"5,52","61,38","69,38",,,,,,0,0
,JELLY XIAOMI MI NOTE 10,20004149,szt,"1,00","6,77","6,77",23 %,JELLY,,"1,56","16,81","23,58",,,,,,0,0
,JELLY XIAOMI MI NOTE 10 LITE,20004163,szt,"4,00","6,77","27,08",23 %,JELLY,,"6,24","67,24","74,01",,,,,,0,0
,JELLY XIAOMI MI11 LITE 5G,20011369,szt,"5,00","8,10","40,50",23 %,JELLY,,"9,30","77,40","85,50",,,,,,0,0
,JELLY XIAOMI MI9 T,20004637,szt,"3,00","6,77","20,31",23 %,JELLY,,"4,68","50,43","57,20",,,,,,0,0
,JELLY XIAOMI REDMI 5 PLUS,20010959,szt,"1,00","6,00","6,00",23 %,JELLY,,"1,38","17,58","23,58",,,,,,0,0
,JELLY XIAOMI REDMI 7A,20004217,szt,"7,00","6,77","47,39",23 %,JELLY,,"10,92","117,67","124,44",,,,,,0,0
,JELLY XIAOMI REDMI 8,20004064,szt,"9,00","6,77","60,93",23 %,JELLY,,"14,04","151,29","158,06",,,,,,0,0
,JELLY XIAOMI REDMI 8A,20004101,szt,"7,00","6,77","47,39",23 %,JELLY,,"10,92","117,67","124,44",,,,,,0,0
,JELLY XIAOMI REDMI NOTE 10,20009991,szt,"1,00","4,15","4,15",23 %,JELLY,,"0,95","19,43","23,58",,,,,,0,0
,"JELLY XIAOMI REDMI NOTE 10 5G, POCO M3 PRO, POCO M3 PRO 5G",20011710,szt,"5,00","3,90","19,50",23 %,JELLY,,"4,50","98,40","102,30",,,,,,0,0
,JELLY XIAOMI REDMI NOTE 10 PRO,20009731,szt,"3,00","4,05","12,15",23 %,JELLY,,"2,79","58,59","62,64",,,,,,0,0
,"JELLY XIAOMI REDMI NOTE 10, 10S",20010591,szt,"1,00","2,95","2,95",23 %,JELLY,,"0,68","20,63","23,58",,,,,,0,0
,JELLY XIAOMI REDMI NOTE 7,20004262,szt,"3,00","6,00","18,00",23 %,JELLY,,"4,14","52,74","58,74",,,,,,0,0
,JELLY XIAOMI REDMI NOTE 8,20003760,szt,"4,00","6,77","27,08",23 %,JELLY,,"6,24","67,24","74,01",,,,,,0,0
,JELLY XIAOMI REDMI NOTE 9 PRO/9S,20004453,szt,"1,00","4,05","4,05",23 %,JELLY,,"0,93","19,53","23,58",,,,,,0,0
,JELLY XIAOMI REDMI NOTE 9T 5G,20009595,szt,"3,00","10,98","32,94",23 %,JELLY,,"7,59","37,80","48,78",,,,,,0,0
,KABEL AWEI MICRO USB 100CM,20006006,szt,"1,00","8,64","8,64",23 %,PREMIUM,,"1,99","19,82","28,46",,,,,,0,0
,KABEL HOCO TIMER U29,20005948,szt,"1,00","11,00","11,00",23 %,PREMIUM,,"2,53","21,52","32,52",,,,,,0,0
,KABEL ORYG TYP C - C,20010775,szt,"8,00","9,30","74,40",23 %,ORYGINALNEE,,"17,12","153,28","162,58",,,,,,0,0
,KABEL OTG T_0010289/P1000,20006594,szt,"2,00","3,50","7,00",23 %,ADAPTERY,,"1,62","17,40","20,90",,,,,,0,0
,KABEL OTG TYPE-C,20006570,szt,"1,00","2,49","2,49",23 %,ADAPTERY,,"0,57","9,71","12,20",,,,,,0,0
,KABEL TYP C - C,20011017,szt,"5,00","10,50","52,50",23 %,ZAMIENNIKII,,"12,10","49,15","59,65",,,,,,0,0
,KABURA HUAWEI P SMART 2021,20011420,szt,"1,00","4,35","4,35",23 %,KABURA,,"1,00","19,23","23,58",,,,,,0,0
,KABURA HUAWEI P30,20004439,szt,"1,00","4,90","4,90",23 %,KABURA,,"1,13","18,68","23,58",,,,,,0,0
,KABURA HUAWEI P30 LITE,20004408,szt,"2,00","9,38","18,76",23 %,KABURA,,"4,32","28,40","37,78",,,,,,0,0
,KABURA HUAWEI P30 PRO,20004323,szt,"1,00","3,49","3,49",23 %,KABURA,,"0,80","20,09","23,58",,,,,,0,0
,KABURA HUAWEI P40,20003883,szt,"2,00","4,90","9,80",23 %,KABURA,,"2,26","37,36","42,26",,,,,,0,0
,KABURA HUAWEI P40 LITE 5G,20008079,szt,"1,00","5,19","5,19",23 %,KABURA,,"1,19","18,39","23,58",,,,,,0,0
,KABURA HUAWEI P40 PRO,20009779,szt,"2,00","3,00","6,00",23 %,KABURA,,"1,38","41,16","44,16",,,,,,0,0
,KABURA HUAWEI P40LITE,20003869,szt,"3,00","6,00","18,00",23 %,KABURA,,"4,14","52,74","58,74",,,,,,0,0
,KABURA HUAWEI P40LITE E,20003937,szt,"2,00","4,85","9,70",23 %,KABURA,,"2,24","37,46","42,31",,,,,,0,0
,KABURA HUAWEI Y6P,20004057,szt,"2,00","4,90","9,80",23 %,KABURA,,"2,26","37,36","42,26",,,,,,0,0
,KABURA IPHONE 11,20002909,szt,"2,00","4,60","9,20",23 %,KABURA,,"2,12","37,96","42,56",,,,,,0,0
,KABURA IPHONE 12 MINI,20007263,szt,"1,00","5,50","5,50",23 %,KABURA,,"1,27","18,08","23,58",,,,,,0,0
,KABURA IPHONE 12 PRO MAX,20007294,szt,"1,00","4,53","4,53",23 %,KABURA,,"1,04","19,05","23,58",,,,,,0,0
,KABURA IPHONE 13 PRO,20011871,szt,"2,00","6,25","12,50",23 %,KABURA,,"2,88","34,66","40,91",,,,,,0,0
,KABURA IPHONE 13 PRO MAX,20011888,szt,"3,00","6,25","18,75",23 %,KABURA,,"4,32","51,99","58,24",,,,,,0,0
,KABURA IPHONE 7/8/2020SE,20002886,szt,"4,00","9,38","37,52",23 %,KABURA,,"8,64","56,80","66,18",,,,,,0,0
,KABURA IPHONE XR,20003487,szt,"2,00","4,90","9,80",23 %,KABURA,,"2,26","37,36","42,26",,,,,,0,0
,KABURA IPHONE XS MAX,20003111,szt,"2,00","8,90","17,80",23 %,KABURA,,"4,10","29,36","38,26",,,,,,0,0
,KABURA OPPO A31,20009946,szt,"1,00","4,35","4,35",23 %,KABURA,,"1,00","19,23","23,58",,,,,,0,0
,KABURA ORG HUAWEI P20,20006853,szt,"1,00","30,00","30,00",23 %,ORYGINAŁ KAB.,,"6,90","10,65","40,65",,,,,,0,0
,KABURA ORG HUAWEI P30,20006846,szt,"2,00","30,00","60,00",23 %,ORYGINAŁ KAB.,,"13,80","21,30","51,30",,,,,,0,0
,KABURA ORG HUAWEI P40,20006860,szt,"1,00","30,00","30,00",23 %,ORYGINAŁ KAB.,,"6,90","18,78","48,78",,,,,,0,0
,KABURA ORG SAMSUNG A40,20001452,szt,"1,00","87,33","87,33",23 %,ORYGINAŁ KAB.,,"20,09","25,68","113,01",,,,,,0,0
,KABURA ORG SAMSUNG S8 PLUS,20006839,szt,"1,00","87,33","87,33",23 %,ORYGINAŁ KAB.,,"20,09","25,68","113,01",,,,,,0,0
,KABURA SAMSUNG A02S,20010324,szt,"1,00","4,06","4,06",23 %,KABURA,,"0,93","19,52","23,58",,,,,,0,0
,KABURA SAMSUNG A10,20000974,szt,"3,00","7,30","21,90",23 %,KABURA,,"5,04","48,84","56,14",,,,,,0,0
,KABURA SAMSUNG A20S,20008505,szt,"5,00","4,06","20,30",23 %,KABURA,,"4,65","97,60","101,66",,,,,,0,0
,KABURA SAMSUNG A21,20008260,szt,"4,00","6,90","27,60",23 %,KABURA,,"6,36","66,72","73,62",,,,,,0,0
,KABURA SAMSUNG A22 4G,20011703,szt,"4,00","5,08","20,32",23 %,KABURA,,"4,68","74,00","79,08",,,,,,0,0
,KABURA SAMSUNG A30,20001360,szt,"1,00","4,90","4,90",23 %,KABURA,,"1,13","18,68","23,58",,,,,,0,0
,KABURA SAMSUNG A31,20008710,szt,"4,00","6,90","27,60",23 %,KABURA,,"6,36","66,72","73,62",,,,,,0,0
,KABURA SAMSUNG A40,20001483,szt,"1,00","8,90","8,90",23 %,KABURA,,"2,05","14,68","23,58",,,,,,0,0
,KABURA SAMSUNG A51,20007164,szt,"1,00","4,28","4,28",23 %,KABURA,,"0,98","19,30","23,58",,,,,,0,0
,KABURA SAMSUNG A70,20007072,szt,"1,00","5,19","5,19",23 %,KABURA,,"1,19","18,39","23,58",,,,,,0,0
,KABURA SAMSUNG A71,20001209,szt,"2,00","8,90","17,80",23 %,KABURA,,"4,10","29,36","38,26",,,,,,0,0
,KABURA SAMSUNG J5 2017,20007065,szt,"1,00","6,70","6,70",23 %,KABURA,,"1,54","16,88","23,58",,,,,,0,0
,KABURA SAMSUNG J500,20010973,szt,"1,00","7,30","7,30",23 %,KABURA,,"1,68","16,28","23,58",,,,,,0,0
,KABURA SAMSUNG J7 2017,20003388,szt,"1,00","8,90","8,90",23 %,KABURA,,"2,05","14,68","23,58",,,,,,0,0
,KABURA SAMSUNG M11,20008659,szt,"1,00","6,90","6,90",23 %,KABURA,,"1,59","16,68","23,58",,,,,,0,0
,KABURA SAMSUNG M21,20008161,szt,"2,00","4,41","8,82",23 %,KABURA,,"2,02","38,34","42,75",,,,,,0,0
,KABURA SAMSUNG M31,20003548,szt,"3,00","8,90","26,70",23 %,KABURA,,"6,15","44,04","52,94",,,,,,0,0
,KABURA SAMSUNG M31S,20008253,szt,"1,00","4,28","4,28",23 %,KABURA,,"0,98","19,30","23,58",,,,,,0,0
,KABURA SAMSUNG NOTE 10,20001131,szt,"1,00","4,90","4,90",23 %,KABURA,,"1,13","18,68","23,58",,,,,,0,0
,KABURA SAMSUNG NOTE 10 LITE,20001100,szt,"4,00","4,90","19,60",23 %,KABURA,,"4,52","74,72","79,62",,,,,,0,0
,KABURA SAMSUNG NOTE 10 PLUS,20001117,szt,"1,00","4,90","4,90",23 %,KABURA,,"1,13","18,68","23,58",,,,,,0,0
,KABURA SAMSUNG S10,20001001,szt,"4,00","4,90","19,60",23 %,KABURA,,"4,52","74,72","79,62",,,,,,0,0
,KABURA SAMSUNG S10 LITE,20001032,szt,"3,00","4,90","14,70",23 %,KABURA,,"3,39","56,04","60,94",,,,,,0,0
,KABURA SAMSUNG S20,20007157,szt,"2,00","4,30","8,60",23 %,KABURA,,"1,98","38,56","42,86",,,,,,0,0
,KABURA SAMSUNG S20 PLUS,20007119,szt,"3,00","6,19","18,57",23 %,KABURA,,"4,26","52,17","58,36",,,,,,0,0
,"KABURA SAMSUNG S20FE, S20FE 5G",20008222,szt,"2,00","3,68","7,36",23 %,KABURA,,"1,70","39,80","43,48",,,,,,0,0
,KABURA SAMSUNG S7 EDGE,20011130,szt,"1,00","4,28","4,28",23 %,KABURA,,"0,98","19,30","23,58",,,,,,0,0
,KABURA SAMSUNG S9 PLUS,20001315,szt,"2,00","4,90","9,80",23 %,KABURA,,"2,26","37,36","42,26",,,,,,0,0
,KABURA SAMSUNG XCOVER 3,20007768,szt,"1,00","4,09","4,09",23 %,KABURA,,"0,94","19,49","23,58",,,,,,0,0
,KABURA SAMSUNG XCOVER 4,20001544,szt,"1,00","6,90","6,90",23 %,KABURA,,"1,59","16,68","23,58",,,,,,0,0
,KABURA SAMSUNG XCOVER 5,20010621,szt,"1,00","8,34","8,34",23 %,KABURA,,"1,92","15,24","23,58",,,,,,0,0
,KABURA SPECJAL HUAWEI P30,20004422,szt,"7,00","8,90","62,30",23 %,KABURA SEPCJAL,,"14,35","136,92","145,82",,,,,,0,0
,KABURA SPECJAL HUAWEI P30 PRO,20004309,szt,"1,00","8,90","8,90",23 %,KABURA SEPCJAL,,"2,05","19,56","28,46",,,,,,0,0
,KABURA SPECJAL HUAWEI P40 LITE E,20008338,szt,"1,00","8,30","8,30",23 %,KABURA SEPCJAL,,"1,91","20,16","28,46",,,,,,0,0
,KABURA SPECJAL HUAWEI Y5P,20008246,szt,"2,00","7,50","15,00",23 %,KABURA SEPCJAL,,"3,46","41,92","49,42",,,,,,0,0
,KABURA SPECJAL HUAWEI Y6P,20004040,szt,"2,00","10,90","21,80",23 %,KABURA SEPCJAL,,"5,02","35,12","46,02",,,,,,0,0
,KABURA SPECJAL IPHONE 11 PRO,20003500,szt,"4,00","8,90","35,60",23 %,KABURA SEPCJAL,,"8,20","78,24","87,14",,,,,,0,0
,KABURA SPECJAL IPHONE 11 PRO MAX,20003050,szt,"3,00","8,90","26,70",23 %,KABURA SEPCJAL,,"6,15","58,68","67,58",,,,,,0,0
,KABURA SPECJAL IPHONE 13,20011864,szt,"2,00","8,03","16,06",23 %,KABURA SEPCJAL,,"3,70","40,86","48,89",,,,,,0,0
,KABURA SPECJAL IPHONE 13 PRO MAX,20011857,szt,"2,00","8,03","16,06",23 %,KABURA SEPCJAL,,"3,70","40,86","48,89",,,,,,0,0
,KABURA SPECJAL IPHONE XR,20003494,szt,"4,00","8,90","35,60",23 %,KABURA SEPCJAL,,"8,20","78,24","87,14",,,,,,0,0
,KABURA SPECJAL IPHONE XS MAX,20003128,szt,"4,00","8,90","35,60",23 %,KABURA SEPCJAL,,"8,20","78,24","87,14",,,,,,0,0
,"KABURA SPECJAL MOTOROLA G9 PLAY, E7 PLUS",20010430,szt,"1,00","6,50","6,50",23 %,KABURA SEPCJAL,,"1,50","21,96","28,46",,,,,,0,0
,KABURA SPECJAL P40 LITE,20008062,szt,"1,00","8,90","8,90",23 %,KABURA SEPCJAL,,"2,05","19,56","28,46",,,,,,0,0
,KABURA SPECJAL P40 PRO,20007782,szt,"1,00","8,90","8,90",23 %,KABURA SEPCJAL,,"2,05","19,56","28,46",,,,,,0,0
,KABURA SPECJAL SAMSUNG A10,20007171,szt,"1,00","7,30","7,30",23 %,KABURA SEPCJAL,,"1,68","21,16","28,46",,,,,,0,0
,KABURA SPECJAL SAMSUNG A20E,20007195,szt,"1,00","7,73","7,73",23 %,KABURA SEPCJAL,,"1,78","20,73","28,46",,,,,,0,0
,KABURA SPECJAL SAMSUNG A22 5G,20011642,szt,"3,00","8,34","25,02",23 %,KABURA SEPCJAL,,"5,76","60,36","68,70",,,,,,0,0
,KABURA SPECJAL SAMSUNG A30,20001377,szt,"4,00","8,90","35,60",23 %,KABURA SEPCJAL,,"8,20","78,24","87,14",,,,,,0,0
,KABURA SPECJAL SAMSUNG A32,20011505,szt,"4,00","4,28","17,12",23 %,KABURA SEPCJAL,,"3,92","77,20","81,48",,,,,,0,0
,KABURA SPECJAL SAMSUNG A32 5G,20009380,szt,"3,00","10,40","31,20",23 %,KABURA SEPCJAL,,"7,17","54,18","64,58",,,,,,0,0
,KABURA SPECJAL SAMSUNG A40,20001476,szt,"2,00","8,90","17,80",23 %,KABURA SEPCJAL,,"4,10","39,12","48,02",,,,,,0,0
,KABURA SPECJAL SAMSUNG A52,20009373,szt,"3,00","8,90","26,70",23 %,KABURA SEPCJAL,,"6,15","58,68","67,58",,,,,,0,0
,KABURA SPECJAL SAMSUNG A6 plus 2018,20011819,szt,"1,00","4,28","4,28",23 %,KABURA SEPCJAL,,"0,98","19,30","23,58",,,,,,0,0
,KABURA SPECJAL SAMSUNG J3 2017,20003425,szt,"1,00","10,99","10,99",23 %,KABURA SEPCJAL,,"2,53","17,47","28,46",,,,,,0,0
,KABURA SPECJAL SAMSUNG M21,20001438,szt,"1,00","7,30","7,30",23 %,KABURA SEPCJAL,,"1,68","21,16","28,46",,,,,,0,0
,KABURA SPECJAL SAMSUNG M51,20007775,szt,"7,00","4,30","30,10",23 %,KABURA SEPCJAL,,"6,93","169,12","173,42",,,,,,0,0
,KABURA SPECJAL SAMSUNG S10,20001018,szt,"2,00","8,90","17,80",23 %,KABURA SEPCJAL,,"4,10","39,12","48,02",,,,,,0,0
,KABURA SPECJAL SAMSUNG S10 LITE,20001049,szt,"4,00","8,90","35,60",23 %,KABURA SEPCJAL,,"8,20","78,24","87,14",,,,,,0,0
,KABURA SPECJAL SAMSUNG S10 PLUS,20001056,szt,"3,00","8,90","26,70",23 %,KABURA SEPCJAL,,"6,15","58,68","67,58",,,,,,0,0
,KABURA SPECJAL SAMSUNG S10E,20001650,szt,"3,00","8,90","26,70",23 %,KABURA SEPCJAL,,"6,15","58,68","67,58",,,,,,0,0
,KABURA SPECJAL SAMSUNG S20 PLUS,20010867,szt,"3,00","8,10","24,30",23 %,KABURA SEPCJAL,,"5,58","61,08","69,18",,,,,,0,0
,KABURA SPECJAL SAMSUNG S20 ULTRA,20001605,szt,"6,00","8,90","53,40",23 %,KABURA SEPCJAL,,"12,30","117,36","126,26",,,,,,0,0
,KABURA SPECJAL SAMSUNG S21,20008406,szt,"1,00","6,90","6,90",23 %,KABURA SEPCJAL,,"1,59","21,56","28,46",,,,,,0,0
,KABURA SPECJAL SAMSUNG S21 PLUS,20008413,szt,"1,00","6,90","6,90",23 %,KABURA SEPCJAL,,"1,59","21,56","28,46",,,,,,0,0
,KABURA SPECJAL SAMSUNG S9 PLUS,20001308,szt,"3,00","8,90","26,70",23 %,KABURA SEPCJAL,,"6,15","58,68","67,58",,,,,,0,0
,"KABURA SPECJAL XIAOMI MI 10T 5G, MI 10T PRO 5G",20010188,szt,"5,00","6,90","34,50",23 %,KABURA SEPCJAL,,"7,95","107,80","114,70",,,,,,0,0
,KABURA SPECJAL XIAOMI REDMI 8,20004088,szt,"2,00","8,90","17,80",23 %,KABURA SEPCJAL,,"4,10","39,12","48,02",,,,,,0,0
,KABURA SPECJAL XIAOMI REDMI 8A,20004132,szt,"6,00","8,90","53,40",23 %,KABURA SEPCJAL,,"12,30","117,36","126,26",,,,,,0,0
,KABURA SPECJAL XIAOMI REDMI NOTE 10,20010027,szt,"1,00","6,90","6,90",23 %,KABURA SEPCJAL,,"1,59","21,56","28,46",,,,,,0,0
,"KABURA SPECJAL XIAOMI REDMI NOTE 10 5G, POCO M3 PRO, POCO M3 PRO 5G",20010980,szt,"1,00","9,38","9,38",23 %,KABURA SEPCJAL,,"2,16","19,08","28,46",,,,,,0,0
,KABURA SPECJAL XIAOMI REDMI NOTE 8,20003784,szt,"1,00","8,90","8,90",23 %,KABURA SEPCJAL,,"2,05","19,56","28,46",,,,,,0,0
,KABURA SPECJAL XIAOMI REDMI NOTE 8 PRO,20003982,szt,"1,00","8,10","8,10",23 %,KABURA SEPCJAL,,"1,86","20,36","28,46",,,,,,0,0
,KABURA SPECJAL XIAOMI REDMI NOTE 9T 5G,20009588,szt,"3,00","4,49","13,47",23 %,KABURA SEPCJAL,,"3,09","71,91","76,40",,,,,,0,0
,KABURA UNIWERSALNA,20004675,szt,"5,00","6,90","34,50",23 %,UNIWERSALNE,,"7,95","67,15","74,05",,,,,,0,0
,KABURA UNIWERSALNA NA PASEK,20004699,szt,"2,00","5,29","10,58",23 %,UNIWERSALNE,,"2,44","30,08","35,37",,,,,,0,0
,KABURA UNIWERSALNA SPORT,20004668,szt,"2,00","10,85","21,70",23 %,UNIWERSALNE,,"5,00","18,96","29,81",,,,,,0,0
,KABURA UNIWERSALNA WSUWKA,20004682,szt,"7,00","5,29","37,03",23 %,UNIWERSALNE,,"8,54","105,28","110,57",,,,,,0,0
,KABURA XIAOMI MI NOTE 10,20004156,szt,"2,00","8,90","17,80",23 %,KABURA,,"4,10","29,36","38,26",,,,,,0,0
,KABURA XIAOMI MI NOTE 10 LITE,20004170,szt,"3,00","8,90","26,70",23 %,KABURA,,"6,15","44,04","52,94",,,,,,0,0
,KABURA XIAOMI MI9 LITE,20004354,szt,"2,00","4,90","9,80",23 %,KABURA,,"2,26","37,36","42,26",,,,,,0,0
,KABURA XIAOMI MI9 T,20004644,szt,"4,00","4,90","19,60",23 %,KABURA,,"4,52","74,72","79,62",,,,,,0,0
,KABURA XIAOMI REDMI 7,20004583,szt,"1,00","4,90","4,90",23 %,KABURA,,"1,13","18,68","23,58",,,,,,0,0
,KABURA XIAOMI REDMI 8,20004095,szt,"1,00","4,06","4,06",23 %,KABURA,,"0,93","19,52","23,58",,,,,,0,0
,KABURA XIAOMI REDMI 8A,20004125,szt,"4,00","4,90","19,60",23 %,KABURA,,"4,52","74,72","79,62",,,,,,0,0
,KABURA XIAOMI REDMI 9C,20007515,szt,"1,00","6,50","6,50",23 %,KABURA,,"1,50","17,08","23,58",,,,,,0,0
,"KABURA XIAOMI REDMI NOTE 10, 10S",20010577,szt,"2,00","4,35","8,70",23 %,KABURA,,"2,00","38,46","42,81",,,,,,0,0
,KABURA XIAOMI REDMI NOTE 8,20003791,szt,"2,00","6,90","13,80",23 %,KABURA,,"3,18","33,36","40,26",,,,,,0,0
,KABURA XIAOMI REDMI NOTE 8T,20004194,szt,"1,00","5,20","5,20",23 %,KABURA,,"1,20","18,38","23,58",,,,,,0,0
,KABURA XIAOMI REDMI NOTE 9,20009939,szt,"1,00","4,28","4,28",23 %,KABURA,,"0,98","19,30","23,58",,,,,,0,0
,KABURA XIAOMI REDMI NOTE 9T 5G,20009571,szt,"2,00","2,99","5,98",23 %,KABURA,,"1,38","41,18","44,17",,,,,,0,0
,LCD IPHONE 6S,20007201,szt,"1,00","70,00","70,00",23 %,CZESCI,,"16,10","-69,99","0,01",,,,,,0,0
,LCD IPHONE SE,20007454,szt,"1,00","44,00","44,00",23 %,CZESCI,,"10,12","-43,99","0,01",,,,,,0,0
,"ŁAD SAMOCHODOWA ATX MAX 2X USB 2,1A",20011956,szt,"5,00","5,61","28,05",23 %,ZAMIENNIKIII,,"6,45","73,60","79,21",,,,,,0,0
,ŁAD SAMOCHODOWA ATX MICRO 2A,20006235,szt,"2,00","9,59","19,18",23 %,ZAMIENNIKIII,,"4,42","21,48","31,07",,,,,,0,0
,ŁADOWARKA SAMOCHODOWA REMAX 2W1,20011789,szt,"2,00","16,08","32,16",23 %,PREMIUMKI,,"7,40","32,88","48,96",,,,,,0,0
,ŁADOWARKA SIECIOWA BLUESTAR NOKIA 3310 6101,20009526,szt,"1,00","7,10","7,10",23 %,ZAMIENNIK,,"1,63","16,48","23,58",,,,,,0,0
,ŁADOWARKA SIECIOWA BLUESTAR NOKIA 6101 N95,20006181,szt,"1,00","7,10","7,10",23 %,ZAMIENNIK,,"1,63","16,48","23,58",,,,,,0,0
,MYPHONE TANGO,20007898,szt,"1,00","163,00","163,00",23 %,TELEFONY VAT,,"37,49","39,44","202,44",,,,,,0,0
,PENDRIVE 16GB GOODRAM,20005221,szt,"1,00","14,00","14,00",23 %,USB 2.0,,"3,22","10,39","24,39",,,,,,0,0
,PENDRIVE 32GB EASY,20005238,szt,"1,00","25,90","25,90",23 %,USB 2.0,,"5,96","10,69","36,59",,,,,,0,0
,PENDRIVE 32GB GOODRAM,20007379,szt,"1,00","17,35","17,35",23 %,USB 3.0,,"3,99","23,30","40,65",,,,,,0,0
,PENDRIVE 64GB KINGSTON MICRO USB/USB,20005252,szt,"1,00","35,00","35,00",23 %,USB 3.0,,"8,05","25,98","60,98",,,,,,0,0
,POWERBANK CASE FOR IPHONE X/XS 3200,20006105,szt,"1,00","32,00","32,00",23 %,POWERBANKI,,"7,36","40,36","72,36",,,,,,0,0
,PRZEJŚCIÓWKA MICRO DO LIGHTNING,20006648,szt,"5,00","4,20","21,00",23 %,ADAPTERY,,"4,85","19,65","23,85",,,,,,0,0
,PRZEJŚCIÓWKA MICRO USB TO TYPE-C,20006662,szt,"13,00","2,49","32,37",23 %,ADAPTERY,,"7,41","73,32","75,81",,,,,,0,0
,PRZEJŚCIÓWKA TYPE-C DO MICRO USB,20006655,szt,"2,00","4,20","8,40",23 %,ADAPTERY,,"1,94","7,86","12,06",,,,,,0,0
,PRZEJŚCIÓWKA USB TO TYPE-C BASEUS,20006556,szt,"1,00","8,15","8,15",23 %,ADAPTERY,,"1,87","12,18","20,33",,,,,,0,0
,SAMOCHODOWA ŁAD. BASEUS GRAIN CAR CHARGER,20007621,szt,"1,00","13,80","13,80",23 %,PREMIUMKI,,"3,17","17,91","31,71",,,,,,0,0
,SAMOCHODOWA ŁAD. HOCO IPHONE Z2,20006259,szt,"2,00","14,70","29,40",23 %,PREMIUMKI,,"6,76","17,76","32,46",,,,,,0,0
,SAMOCHODOWA ŁAD. REMAX 4USB ADAPTER,20006303,szt,"1,00","21,70","21,70",23 %,PREMIUMKI,,"4,99","26,27","47,97",,,,,,0,0
,SELFIESTICK BLUESTAR JACK,20005726,szt,"1,00","4,90","4,90",23 %,SELFIESTICK,,"1,13","23,56","28,46",,,,,,0,0
,SELFIESTICK BLUESTAR LIGHTNING,20005733,szt,"1,00","8,86","8,86",23 %,SELFIESTICK,,"2,04","19,60","28,46",,,,,,0,0
,SPIGEN AIRPODS 1ST GEN,20005818,szt,"1,00","29,46","29,46",23 %,SPIGEN,,"6,78","10,38","39,84",,,,,,0,0
,SPIGEN HUAWEI P30,20006792,szt,"3,00","36,78","110,34",23 %,SPIGEN,,"25,38","48,21","84,99",,,,,,0,0
,SPIGEN HUAWEI P40,20003890,szt,"1,00","36,78","36,78",23 %,SPIGEN,,"8,46","16,07","52,85",,,,,,0,0
,SPIGEN IPHONE 11 PRO,20006693,szt,"1,00","37,00","37,00",23 %,SPIGEN,,"8,51","15,85","52,85",,,,,,0,0
,SPIGEN IPHONE 11 PRO MAX,20003067,szt,"1,00","29,00","29,00",23 %,SPIGEN,,"6,67","23,85","52,85",,,,,,0,0
,SPIGEN IPHONE 13 PRO MAX,20011840,szt,"1,00","34,00","34,00",23 %,SPIGEN,,"7,82","18,85","52,85",,,,,,0,0
,SPIGEN IPHONE XS MAX,20006686,szt,"1,00","36,78","36,78",23 %,SPIGEN,,"8,46","16,07","52,85",,,,,,0,0
,SPIGEN SAMSUNG A40,20001506,szt,"2,00","28,00","56,00",23 %,SPIGEN,,"12,88","49,70","77,70",,,,,,0,0
,SPIGEN SAMSUNG A41,20006709,szt,"1,00","36,78","36,78",23 %,SPIGEN,,"8,46","16,07","52,85",,,,,,0,0
,SPIGEN SAMSUNG M21,20001445,szt,"1,00","36,78","36,78",23 %,SPIGEN,,"8,46","16,07","52,85",,,,,,0,0
,SPIGEN SAMSUNG S10,20000998,szt,"1,00","36,78","36,78",23 %,SPIGEN,,"8,46","16,07","52,85",,,,,,0,0
,SPIGEN SAMSUNG S20,20011512,szt,"1,00","31,90","31,90",23 %,SPIGEN,,"7,34","20,95","52,85",,,,,,0,0
,SPIGEN SAMSUNG S20 PLUS,20011529,szt,"1,00","31,90","31,90",23 %,SPIGEN,,"7,34","20,95","52,85",,,,,,0,0
,SPIGEN SAMSUNG S20 ULTRA,20001612,szt,"2,00","36,78","73,56",23 %,SPIGEN,,"16,92","32,14","68,92",,,,,,0,0
,SPIGEN SAMSUNG S21 ULTRA 5G,20010331,szt,"1,00","32,50","32,50",23 %,SPIGEN,,"7,48","20,35","52,85",,,,,,0,0
,SPIGEN SAMSUNG S9,20006679,szt,"3,00","36,78","110,34",23 %,SPIGEN,,"25,38","48,21","84,99",,,,,,0,0
,SPIGEN XIAOMI MI9 T,20004651,szt,"1,00","0,81","0,81",23 %,SPIGEN,,"0,19","52,04","52,85",,,,,,0,0
,SPIGEN XIAOMI REDMI NOTE 9PRO MAX/NOTE 9S/NOTE 9 PRO,20006716,szt,"1,00","36,78","36,78",23 %,SPIGEN,,"8,46","16,07","52,85",,,,,,0,0
,SZKŁO HAMMER ACTIVE,20000134,szt,"2,00","9,99","19,98",23 %,SZKŁO,,"4,60","53,20","63,19",,,,,,0,0
,SZKŁO HAMMER ACTIVE 2,20000141,szt,"3,00","9,99","29,97",23 %,SZKŁO,,"6,90","55,41","65,40",,,,,,0,0
,SZKŁO HAMMER ENERGY,20000158,szt,"2,00","9,99","19,98",23 %,SZKŁO,,"4,60","36,94","46,93",,,,,,0,0
,SZKŁO HAMMER EXPLORER,20008871,szt,"1,00","12,90","12,90",23 %,SZKŁO,,"2,97","15,56","28,46",,,,,,0,0
,SZKŁO HAMMER IRON 2,20000172,szt,"1,00","9,99","9,99",23 %,SZKŁO,,"2,30","26,60","36,59",,,,,,0,0
,SZKŁO HUAWEI MATE 10 LITE,20002190,szt,"1,00","1,29","1,29",23 %,SZKŁO,,"0,30","19,04","20,33",,,,,,0,0
,SZKŁO HUAWEI P SMART,20002282,szt,"1,00","1,29","1,29",23 %,SZKŁO,,"0,30","19,04","20,33",,,,,,0,0
,SZKŁO HUAWEI P SMART Z,20002268,szt,"5,00","1,59","7,95",23 %,SZKŁO,,"1,85","93,70","95,29",,,,,,0,0
,SZKŁO HUAWEI P10,20000776,szt,"3,00","1,59","4,77",23 %,SZKŁO,,"1,11","56,22","57,81",,,,,,0,0
,SZKŁO HUAWEI P20 PRO,20000691,szt,"5,00","0,90","4,50",23 %,SZKŁO,,"1,05","97,15","98,05",,,,,,0,0
,SZKŁO HUAWEI P40,20000615,szt,"3,00","1,79","5,37",23 %,SZKŁO,,"1,23","55,62","57,41",,,,,,0,0
,SZKŁO HUAWEI P9 LITE,20000783,szt,"3,00","1,59","4,77",23 %,SZKŁO,,"1,11","56,22","57,81",,,,,,0,0
,SZKŁO HUAWEI Y5 2019,20002183,szt,"20,00","1,29","25,80",23 %,SZKŁO,,"6,00","380,80","382,09",,,,,,0,0
,SZKŁO HUAWEI Y5 LITE 2018,20002299,szt,"5,00","1,59","7,95",23 %,SZKŁO,,"1,85","93,70","95,29",,,,,,0,0
,SZKŁO iPHONE 11 APARAT,20002046,szt,"3,00","4,03","12,09",23 %,SZKŁO,,"2,79","48,90","52,93",,,,,,0,0
,SZKŁO iPHONE 11 XR,20000837,szt,"1,00","1,40","1,40",23 %,SZKŁO,,"0,32","18,93","20,33",,,,,,0,0
,SZKŁO iPHONE 12 PRO MAX,20006907,szt,"3,00","1,29","3,87",23 %,SZKŁO,,"0,90","57,12","58,41",,,,,,0,0
,SZKŁO IPHONE 13 PRO MAX,20011918,szt,"2,00","1,49","2,98",23 %,SZKŁO,,"0,68","37,68","39,17",,,,,,0,0
,"SZKŁO IPHONE XS MAX, 11 PRO MAX",20010386,szt,"2,00","1,29","2,58",23 %,SZKŁO,,"0,60","38,08","39,37",,,,,,0,0
,SZKŁO MOTO E6,20010768,szt,"1,00","1,50","1,50",23 %,SZKŁO,,"0,35","18,83","20,33",,,,,,0,0
,SZKŁO MOTO G5 PLUS,20009687,szt,"1,00","1,29","1,29",23 %,SZKŁO,,"0,30","19,04","20,33",,,,,,0,0
,SZKŁO MOTO G8 POWER,20010836,szt,"1,00","1,29","1,29",23 %,SZKŁO,,"0,30","19,04","20,33",,,,,,0,0
,SZKŁO OPPO A72,20006914,szt,"1,00","1,29","1,29",23 %,SZKŁO,,"0,30","19,04","20,33",,,,,,0,0
,SZKŁO P40 LITE,20000592,szt,"1,00","1,29","1,29",23 %,SZKŁO,,"0,30","19,04","20,33",,,,,,0,0
,"SZKŁO SAMSUNG A21, A21S",20001841,szt,"1,00","1,29","1,29",23 %,SZKŁO,,"0,30","19,04","20,33",,,,,,0,0
,SZKŁO SAMSUNG A3 2017,20001735,szt,"6,00","1,59","9,54",23 %,SZKŁO,,"2,22","112,44","114,03",,,,,,0,0
,SZKŁO SAMSUNG A8 2018,20001742,szt,"4,00","1,59","6,36",23 %,SZKŁO,,"1,48","74,96","76,55",,,,,,0,0
,SZKŁO SAMSUNG A9 2018,20001803,szt,"10,00","1,59","15,90",23 %,SZKŁO,,"3,70","187,40","188,99",,,,,,0,0
,SZKŁO SAMSUNG GALAXY A20S,20007850,szt,"2,00","1,29","2,58",23 %,SZKŁO,,"0,60","38,08","39,37",,,,,,0,0
,SZKŁO SAMSUNG J3 2016,20000790,szt,"1,00","1,29","1,29",23 %,SZKŁO,,"0,30","19,04","20,33",,,,,,0,0
,SZKŁO SAMSUNG J5 2016,20000820,szt,"3,00","1,59","4,77",23 %,SZKŁO,,"1,11","56,22","57,81",,,,,,0,0
,SZKŁO SAMSUNG J7 2016,20001711,szt,"2,00","1,29","2,58",23 %,SZKŁO,,"0,60","38,08","39,37",,,,,,0,0
,SZKŁO SAMSUNG M12,20009083,szt,"1,00","1,29","1,29",23 %,SZKŁO,,"0,30","19,04","20,33",,,,,,0,0
,SZKŁO SAMSUNG XCOVER 3,20000479,szt,"6,00","1,59","9,54",23 %,SZKŁO,,"2,22","112,44","114,03",,,,,,0,0
,SZKŁO UV SAMSUNG NOTE 10 PLUS,20011000,szt,"1,00","8,00","8,00",23 %,UV,,"1,84","56,23","64,23",,,,,,0,0
,SZKŁO XIAOMI MI 10T Lite,20008185,szt,"2,00","1,29","2,58",23 %,SZKŁO,,"0,60","38,08","39,37",,,,,,0,0
,SZKŁO XIAOMI MI 11 LITE 4G/5G,20010287,szt,"1,00","1,29","1,29",23 %,SZKŁO,,"0,30","19,04","20,33",,,,,,0,0
,SZKŁO XIAOMI MI 8 LITE,20002398,szt,"1,00","1,59","1,59",23 %,SZKŁO,,"0,37","18,74","20,33",,,,,,0,0
,SZKŁO XIAOMI MI NOTE 10,20002527,szt,"4,00","1,29","5,16",23 %,SZKŁO,,"1,20","76,16","77,45",,,,,,0,0
,SZKŁO XIAOMI NOTE 8 T,20002404,szt,"1,00","1,79","1,79",23 %,SZKŁO,,"0,41","18,54","20,33",,,,,,0,0
,SZKŁO XIAOMI REDMI 7A,20002343,szt,"1,00","1,29","1,29",23 %,SZKŁO,,"0,30","19,04","20,33",,,,,,0,0
,SZKŁO XIAOMI REDMI NOTE 10 10s,20010607,szt,"2,00","0,90","1,80",23 %,SZKŁO,,"0,42","38,86","39,76",,,,,,0,0
,SZKŁO XIAOMI REDMI NOTE 10 PRO MAX,20010447,szt,"1,00","1,29","1,29",23 %,SZKŁO,,"0,30","19,04","20,33",,,,,,0,0
,SZKŁO XIAOMI REDMI NOTE 7,20002367,szt,"2,00","1,40","2,80",23 %,SZKŁO,,"0,64","37,86","39,26",,,,,,0,0
,SZKŁO XIAOMI REDMI NOTE 9T 5G,20009519,szt,"2,00","1,29","2,58",23 %,SZKŁO,,"0,60","38,08","39,37",,,,,,0,0
,UCHWYT BASEUS FUTURE GRAVITY CAR MOUNT,20006358,szt,"1,00","28,92","28,92",23 %,GRAWITACYJNE,,"6,65","10,92","39,84",,,,,,0,0
,UCHWYT BASEUS OSCULUM TYPE,20006402,szt,"1,00","19,00","19,00",23 %,GRAWITACYJNE,,"4,37","28,97","47,97",,,,,,0,0
,UCHWYT BASEUS PLATINIUM KIPS,20011444,szt,"2,00","16,71","33,42",23 %,STANDARD,,"7,68","39,76","56,47",,,,,,0,0
,UCHWYT NA MOTOCYKL GPS/MOBILE,20006501,szt,"1,00","11,20","11,20",23 %,SPORT,,"2,58","17,26","28,46",,,,,,0,0
,UCHWYT REMAX RM-C57,20012069,szt,"2,00","10,00","20,00",23 %,GRAWITACYJNE,,"4,60","43,42","53,42",,,,,,0,0
,UCHWYT UNIVERSAL CAR MOUNT AT03,20006365,szt,"1,00","10,50","10,50",23 %,STANDARD,,"2,42","13,08","23,58",,,,,,0,0
,UCHWYT WIRELESS CAR CHARGER SUI FOR ALL QI,20006495,szt,"2,00","19,80","39,60",23 %,GRAWITACYJNE,,"9,10","9,18","28,98",,,,,,0,0
,UCHYWT BASEUS DO KOKPITU SMALL EARS SERIES,20006426,szt,"1,00","21,96","21,96",23 %,MAGNETYCZNE,,"5,05","17,88","39,84",,,,,,0,0
,UCHYWT FORCELL DO SZYBY H-CT327,20008192,szt,"1,00","16,90","16,90",23 %,MAGNETYCZNE,,"3,89","22,94","39,84",,,,,,0,0
,UCHYWT HOCO DO SZYBY CA67,20006372,szt,"1,00","15,00","15,00",23 %,MAGNETYCZNE,,"3,45","21,59","36,59",,,,,,0,0
,UV HUAWEI P40 PRO,20000387,szt,"1,00","9,84","9,84",23 %,UV,,"2,26","70,65","80,49",,,,,,0,0
,UV SAMSUG S9 BESTSUIT,20000547,szt,"1,00","37,00","37,00",23 %,UV,,"8,51","43,49","80,49",,,,,,0,0
,UV SAMSUG S9 PLUS,20008086,szt,"1,00","19,90","19,90",23 %,UV,,"4,58","60,59","80,49",,,,,,0,0
,UV SAMSUNG NOTE 8,20000240,szt,"1,00","14,99","14,99",23 %,UV,,"3,45","65,50","80,49",,,,,,0,0
,UV SAMSUNG NOTE 9,20000349,szt,"2,00","14,99","29,98",23 %,UV,,"6,90","131,00","145,99",,,,,,0,0
,UV SAMSUNG S10,20000080,szt,"2,00","14,99","29,98",23 %,UV,,"6,90","131,00","145,99",,,,,,0,0
,UV SAMSUNG S10 PLUS,20000059,szt,"3,00","14,99","44,97",23 %,UV,,"10,35","196,50","211,49",,,,,,0,0
,UV SAMSUNG S20 LIGHT,20000127,szt,"3,00","14,99","44,97",23 %,UV,,"10,35","196,50","211,49",,,,,,0,0
,UV SAMSUNG S20 PLUS,20000295,szt,"2,00","14,99","29,98",23 %,UV,,"6,90","131,00","145,99",,,,,,0,0
,UV SAMSUNG S20 PLUS MONKEY,20000288,szt,"1,00","55,34","55,34",23 %,UV,,"12,73","42,22","97,56",,,,,,0,0
,UV SAMSUNG S7 EDGE,20002541,szt,"3,00","14,99","44,97",23 %,UV,,"10,35","196,50","211,49",,,,,,0,0
,UV SAMSUNG S8,20002534,szt,"1,00","14,99","14,99",23 %,UV,,"3,45","65,50","80,49",,,,,,0,0
,UV SAMSUNG S8 PLUS,20000219,szt,"1,00","14,99","14,99",23 %,UV,,"3,45","65,50","80,49",,,,,,0,0
,WIRELESS ODBIORNIK BLUETOOTH,20010706,szt,"1,00","6,50","6,50",23 %,TRANSMITERY,,"1,50","13,83","20,33",,,,,,0,0
,WTYCZKA HOCO 2.1A,20006174,szt,"1,00","8,10","8,10",23 %,PREMIUMM,,"1,86","12,23","20,33",,,,,,0,0
