,id,category,name,qty,price
,6,"Akcesoria GSM, folie hydro-żelowe - News!","Folia hydrożelowa - każdy model do 11""",10,45.00
,7,"Akcesoria GSM, folie hydro-żelowe - News!","Folia hydrożelowa Mat do 11""",10,59.00
,981,"Akcesoria GSM, Szkło hartowane 5D",21D SAMSUNG M31S,1,35.00
,982,"Akcesoria GSM, Szkło hartowane 5D",5D HUAWEI P SMART PRO,2,35.00
,983,"Akcesoria GSM, Szkło hartowane 5D",5D HUAWEI P20,1,35.00
,984,"Akcesoria GSM, Szkło hartowane 5D",5D HUAWEI P20 LITE,3,35.00
,985,"Akcesoria GSM, Szkło hartowane 5D",5D HUAWEI P30 PRO,1,35.00
,986,"Akcesoria GSM, Szkło hartowane 5D",5D HUAWEI P40,1,35.00
,987,"Akcesoria GSM, Szkło hartowane 5D",5D HUAWEI P40 LITE,1,35.00
,988,"Akcesoria GSM, Szkło hartowane 5D",5D HUAWEI P40 LITE E,2,35.00
,989,"Akcesoria GSM, Szkło hartowane 5D",5D HUAWEI P40 X-ONE,2,35.00
,990,"Akcesoria GSM, Szkło hartowane 5D",5D HUAWEI Y7 2018,3,35.00
,991,"Akcesoria GSM, Szkło hartowane 5D","5D IPHONE 6 PLUS, 6S PLUS",1,35.00
,992,"Akcesoria GSM, Szkło hartowane 5D",5D IPHONE 6S PLUS,1,35.00
,993,"Akcesoria GSM, Szkło hartowane 5D",5D IPHONE 7/8 PLUS,2,35.00
,994,"Akcesoria GSM, Szkło hartowane 5D","5D IPHONE XS MAX, 11 PRO MAX",7,35.00
,995,"Akcesoria GSM, Szkło hartowane 5D","5D IPHONE XS MAX, 11 PRO MAX MONKEY",2,35.00
,996,"Akcesoria GSM, Szkło hartowane 5D",5D SAMSUNG A51,1,35.00
,997,"Akcesoria GSM, Szkło hartowane 5D",5D SAMSUNG A6 2018,2,35.00
,998,"Akcesoria GSM, Szkło hartowane 5D",5D SAMSUNG A70,1,35.00
,999,"Akcesoria GSM, Szkło hartowane 5D",5D SAMSUNG NOTE 10 PLUS,1,35.00
,1000,"Akcesoria GSM, Szkło hartowane 5D",5D SAMSUNG S10,2,35.00
,1001,"Akcesoria GSM, Szkło hartowane 5D",5D SAMSUNG S10 LITE,2,35.00
,1002,"Akcesoria GSM, Szkło hartowane 5D",5D SAMSUNG S10 PLUS,1,35.00
,1003,"Akcesoria GSM, Szkło hartowane 5D",5D SAMSUNG S8 PLUS,2,35.00
,1004,"Akcesoria GSM, Szkło hartowane 5D","5D SZKŁO SAMSUNG A21, A21S",1,35.00
,1005,"Akcesoria GSM, Szkło hartowane 5D",5D SZKŁO XIAOMI MI 11 LITE 4G/5G,2,35.00
,1006,"Akcesoria GSM, Szkło hartowane 5D",5D XIAOMI MI 10 LITE,1,35.00
,1007,"Akcesoria GSM, Szkło hartowane 5D","5D XIAOMI MI 10T 5G, MI 10T PRO 5G",2,35.00
,1008,"Akcesoria GSM, Szkło hartowane 5D",5D XIAOMI MI 8T,1,35.00
,1009,"Akcesoria GSM, Szkło hartowane 5D",5D XIAOMI MI 9T,3,35.00
,1010,"Akcesoria GSM, Szkło hartowane 5D",5D XIAOMI MI A3,2,35.00
,1011,"Akcesoria GSM, Szkło hartowane 5D",5D XIAOMI REDMI 7A,4,35.00
,1012,"Akcesoria GSM, Szkło hartowane 5D","5D XIAOMI REDMI NOTE 10, 10S",1,35.00
,1013,"Akcesoria GSM, Adaptery",ADAPTER HF/AUDIO TYPE C-JACK 3.5MM,3,15.00
,1014,"Akcesoria GSM, Adaptery",ADAPTER HOCO DO KART PAMIĘCI,2,25.00
,1015,"Akcesoria GSM, Adaptery",ADAPTER SIM,4,10.00
,1016,"Akcesoria GSM, Adaptery",ADAPTER WIRELESS CHARGER FOR MICRO USB,1,25.00
,1017,"Akcesoria GSM, AUX","AUX 3,5 TO 3,5",4,25.00
,1018,"Akcesoria GSM, AUX","BASEUS AUX 3,5 TO 3,5 1.5M",1,35.00
,1019,"Akcesoria GSM, Transmitery",BASEUS TRANSMITER + CAR CHARGER T TYPED S-09A,1,75.01
,1020,"Akcesoria GSM, Baterie alkaiczne",BATERIA ALKALICZNA VARTA R3 (AAA),12,5.00
,1021,"Akcesoria GSM, Baterie alkaiczne",BATERIA ALKALICZNA VARTA R6 (AA),3,5.00
,1022,"Akcesoria GSM, Baterie Iphone",BATERIA IPHONE 5G,1,50.00
,1023,"Akcesoria GSM, Baterie Iphone",BATERIA IPHONE 5S,2,50.00
,1024,"Akcesoria GSM, Baterie Iphone",BATERIA IPHONE 6 PLUS,2,50.00
,1025,"Akcesoria GSM, Baterie Iphone",BATERIA IPHONE 6S,1,50.00
,1026,"Akcesoria GSM, Baterie Iphone",BATERIA IPHONE 7 PLUS,2,100.00
,1027,"Akcesoria GSM, Baterie Iphone",BATERIA IPHONE 8 PLUS,1,100.00
,1028,"Akcesoria GSM, Baterie Iphone",BATERIA IPHONE SE,2,50.00
,1029,"Akcesoria GSM, Baterie",BATERIA NOKIA 5220XM,1,50.00
,1030,"Akcesoria GSM, Baterie",BATERIA NOKIA LUMIA 435/532,1,50.00
,1031,"Akcesoria GSM, Baterie",BATERIA NOKIA LUMIA 520,1,50.00
,1032,"Akcesoria GSM, Baterie",BATERIA NOKIA LUMIA 620,1,50.00
,1033,"Akcesoria GSM, Baterie",BATERIA NOKIA LUMIA 650,2,50.00
,1034,"Akcesoria GSM, Baterie",BATERIA NOKIA LUMIA 730,1,50.00
,1035,"Akcesoria GSM, Baterie",BATERIA ORYG NOKIA BL4U,2,50.00
,1036,"Akcesoria GSM, Baterie",BATERIA ORYG NOKIA BL5C,1,50.00
,1037,"Akcesoria GSM, Baterie",BATERIA SAMSUNG A5 2016,1,60.00
,1038,"Akcesoria GSM, Baterie",BATERIA SAMSUNG B2710,1,60.00
,1039,"Akcesoria GSM, Baterie",BATERIA SAMSUNG G530/GRAND PRIME,1,60.00
,1040,"Akcesoria GSM, Baterie",BATERIA SAMSUNG J5 2016,1,60.00
,1041,"Akcesoria GSM, Baterie",BATERIA SAMSUNG J5 2017,1,60.00
,1042,"Akcesoria GSM, Baterie",BATERIA SAMSUNG S6,1,60.00
,1043,"Akcesoria GSM, Baterie",BATERIA SAMSUNG S7 EDGE,1,60.00
,1044,"Akcesoria GSM, Folie ochronne",FOLIA FLEXIBLE GLASS IPHONE XSMAX/11 PRO MAX/12 PRO MAX,1,69.00
,1045,"Akcesoria GSM, Folie ochronne",FOLIA FLEXIBLE GLASS SAMSAUNG NOTE 10,1,69.00
,1046,"Akcesoria GSM, Folie ochronne",FOLIA FLEXIBLE GLASS XIAOMI MI NOTE 10 LITE,1,69.00
,1047,"Akcesoria GSM, Folie ochronne",FOLIA HUAWEI MATE 20 PRO,1,69.00
,1048,"Akcesoria GSM, Folie ochronne",FOLIA HUAWEI P20,1,49.00
,1049,"Akcesoria GSM, Folie ochronne",FOLIA HUAWEI P30,1,69.00
,1050,"Akcesoria GSM, Folie ochronne",FOLIA HUAWEI P40 PRO,3,49.00
,1051,"Akcesoria GSM, Folie ochronne",FOLIA IPHONE 13 MIMI,1,49.00
,1052,"Akcesoria GSM, Folie ochronne","FOLIA IPHONE 6 PLUS, 6S PLUS",4,49.00
,1053,"Akcesoria GSM, Folie ochronne",FOLIA IPHONE 7/8 PLUS,1,49.00
,1054,"Akcesoria GSM, Folie ochronne",FOLIA OPASKA XIAOMI MIBAND 4,2,35.00
,1055,"Akcesoria GSM, Folie ochronne",FOLIA OPASKA XIAOMI MIBAND 5,2,35.00
,1056,"Akcesoria GSM, Folie ochronne",FOLIA OPASKA XIAOMI MIBAND 6,1,49.00
,1057,"Akcesoria GSM, Folie ochronne",FOLIA SAMSUNG A32,1,49.00
,1058,"Akcesoria GSM, Folie ochronne",FOLIA SAMSUNG A9 2018,1,49.00
,1059,"Akcesoria GSM, Folie ochronne",FOLIA SAMSUNG NOTE 9,2,49.00
,1060,"Akcesoria GSM, Folie ochronne",FOLIA SAMSUNG S10,1,49.00
,1061,"Akcesoria GSM, Folie ochronne",FOLIA SAMSUNG S10E,4,49.00
,1062,"Akcesoria GSM, Folie ochronne",FOLIA SAMSUNG S20 PLUS,1,49.00
,1063,"Akcesoria GSM, Folie ochronne",FOLIA SAMSUNG S20 ULTRA,1,49.00
,1064,"Akcesoria GSM, Folie ochronne",FOLIA SAMSUNG S21,2,49.00
,1065,"Akcesoria GSM, Folie ochronne",FOLIA SAMSUNG S21 PLUS,3,49.00
,1066,"Akcesoria GSM, Folie ochronne",FOLIA SAMSUNG S21 ULTRA,1,49.00
,1067,"Akcesoria GSM, Folie ochronne",FOLIA SAMSUNG S7 EDGE MONKEY,1,49.00
,1068,"Akcesoria GSM, Folie ochronne",FOLIA SAMSUNG S8 PLUS,1,49.00
,1069,"Akcesoria GSM, Folie ochronne",FOLIA SAMSUNG S9,1,49.00
,1070,"Akcesoria GSM, Folie ochronne",FOLIA SAMSUNG XCOVER 4,1,49.00
,1071,"Akcesoria GSM, Folie ochronne",FOLIA XIAOMI MI 10 PRO,2,49.00
,1072,"Akcesoria GSM, Głośniki bezprzewodowe",GŁOŚNIK REMAX BEZPRZEWODOWY,1,75.01
,1073,"Akcesoria GSM, Inne",GUMKI DO SLUCHAWEK,2,10.00
,1074,"Akcesoria GSM, Słuchawki HF",HF BASEUS ENCOK,1,59.00
,1075,"Akcesoria GSM, Bluetooth",HF BLUETOOTH JABRA TALK 5,1,95.00
,1076,"Akcesoria GSM, Słuchawki HF",HF HOCO DO IPHONE M1 PRO,1,39.00
,1077,"Akcesoria GSM, Słuchawki HF",HF METAL BOX JACK,1,35.01
,1078,"Akcesoria GSM, Słuchawki HF",HF OPPO MH135-3 USB C,1,49.00
,1079,"Akcesoria GSM, Słuchawki HF",HF REMAX CANDY 505,1,35.01
,1082,"Akcesoria GSM, Słuchawki HF",HF TYP C HR-ME25,1,35.01
,1083,"Akcesoria GSM, Słuchawki HF",HF TYP C JH-081,1,39.00
,1084,"Akcesoria GSM, Adaptery",HOCO ADAPTER TYP C TO USB A,2,19.00
,1086,"Akcesoria GSM, Ładowarki induk.","INDUKCJA BASEUS WIRELESS CHARGER 5W, 10W",2,59.00
,1087,"Akcesoria GSM, Jelly Case",JELLY HUAWEI MATE 40 PRO,1,29.00
,1088,"Akcesoria GSM, Jelly Case",JELLY HUAWEI P SMART 2021,1,29.00
,1089,"Akcesoria GSM, Jelly Case",JELLY HUAWEI P SMART PRO/PLUS 2019,4,29.00
,1090,"Akcesoria GSM, Jelly Case",JELLY HUAWEI P SMART Z,2,29.00
,1091,"Akcesoria GSM, Jelly Case",JELLY HUAWEI P20 LITE,1,29.00
,1092,"Akcesoria GSM, Jelly Case",JELLY HUAWEI P20 PRO,1,29.00
,1093,"Akcesoria GSM, Jelly Case",JELLY HUAWEI P30,14,29.00
,1094,"Akcesoria GSM, Jelly Case",JELLY HUAWEI P30 LITE,3,29.00
,1095,"Akcesoria GSM, Jelly Case",JELLY HUAWEI P40,10,29.00
,1096,"Akcesoria GSM, Jelly Case",JELLY HUAWEI P40 LITE,2,29.00
,1097,"Akcesoria GSM, Jelly Case",JELLY HUAWEI P40 LITE E,12,29.00
,1098,"Akcesoria GSM, Jelly Case",JELLY HUAWEI P40 PRO,4,29.00
,1099,"Akcesoria GSM, Jelly Case",JELLY HUAWEI Y5 2018,7,29.00
,1100,"Akcesoria GSM, Jelly Case",JELLY HUAWEI Y5 2019,11,29.00
,1101,"Akcesoria GSM, Jelly Case",JELLY HUAWEI Y5P,5,29.00
,1102,"Akcesoria GSM, Jelly Case",JELLY HUAWEI Y6 2018,2,29.00
,1103,"Akcesoria GSM, Jelly Case",JELLY HUAWEI Y6 2019,3,29.00
,1104,"Akcesoria GSM, Jelly Case",JELLY HUAWEI Y6P,4,29.00
,1105,"Akcesoria GSM, Jelly Case",JELLY HUAWEI Y7 2019,10,29.00
,1106,"Akcesoria GSM, Jelly Case",JELLY IPHONE 11,2,29.00
,1107,"Akcesoria GSM, Jelly Case",JELLY IPHONE 11 PRO,10,29.00
,1108,"Akcesoria GSM, Jelly Case",JELLY IPHONE 11 PRO MAX,1,29.00
,1109,"Akcesoria GSM, Jelly Case",JELLY IPHONE 12 MINI,2,29.00
,1110,"Akcesoria GSM, Jelly Case","JELLY IPHONE 12, 12 PRO",2,29.00
,1111,"Akcesoria GSM, Jelly Case",JELLY IPHONE 5/5S/SE,1,29.00
,1112,"Akcesoria GSM, Jelly Case",JELLY IPHONE 6/6S,3,29.00
,1113,"Akcesoria GSM, Jelly Case",JELLY IPHONE 6/6S PLUS,3,29.00
,1114,"Akcesoria GSM, Jelly Case",JELLY IPHONE 7/8/2020SE,5,29.00
,1115,"Akcesoria GSM, Jelly Case","JELLY IPHONE 7PLUS, 8PLUS",2,29.00
,1116,"Akcesoria GSM, Jelly Case",JELLY IPHONE X/XS,4,29.00
,1117,"Akcesoria GSM, Jelly Case",JELLY IPHONE XR,8,29.00
,1118,"Akcesoria GSM, Jelly Case",JELLY IPHONE XS MAX,4,29.00
,1119,"Akcesoria GSM, Jelly Case",JELLY NOTE 20 ULTRA,2,29.00
,1120,"Akcesoria GSM, Jelly Case",JELLY OPPO A15,1,29.00
,1121,"Akcesoria GSM, Jelly Case",JELLY OPPO A52/A72,1,29.00
,1122,"Akcesoria GSM, Jelly Case",JELLY OPPO A54,1,29.00
,1123,"Akcesoria GSM, Jelly Case",JELLY OPPO RENO4,1,29.00
,1124,"Akcesoria GSM, Case Oryginalne",JELLY ORG SAMSUNG S10 PLUS,1,149.00
,1125,"Akcesoria GSM, Case Oryginalne",JELLY ORYG HUAWEI P40,1,69.00
,1126,"Akcesoria GSM, Case Oryginalne",JELLY ORYG HUAWEI Y6 2019,2,59.00
,1127,"Akcesoria GSM, Jelly Case",JELLY P SMART 2019,6,29.00
,1128,"Akcesoria GSM, Jelly Case",JELLY REALME 8,2,29.00
,1129,"Akcesoria GSM, Jelly Case",JELLY SAMSUNG A02S,1,29.00
,1130,"Akcesoria GSM, Jelly Case",JELLY SAMSUNG A03S,1,29.00
,1131,"Akcesoria GSM, Jelly Case",JELLY SAMSUNG A10,10,29.00
,1132,"Akcesoria GSM, Jelly Case",JELLY SAMSUNG A20E,2,29.00
,1133,"Akcesoria GSM, Jelly Case",JELLY SAMSUNG A20S,1,29.00
,1134,"Akcesoria GSM, Jelly Case",JELLY SAMSUNG A21,6,29.00
,1135,"Akcesoria GSM, Jelly Case",JELLY SAMSUNG A21S,3,29.00
,1136,"Akcesoria GSM, Jelly Case",JELLY SAMSUNG A22 4G,2,29.00
,1137,"Akcesoria GSM, Jelly Case",JELLY SAMSUNG A22 5G,2,29.00
,1138,"Akcesoria GSM, Jelly Case",JELLY SAMSUNG A30,14,29.00
,1139,"Akcesoria GSM, Jelly Case",JELLY SAMSUNG A31,3,29.00
,1140,"Akcesoria GSM, Jelly Case",JELLY SAMSUNG A32 5G,5,29.00
,1141,"Akcesoria GSM, Jelly Case",JELLY SAMSUNG A40,4,29.00
,1142,"Akcesoria GSM, Jelly Case",JELLY SAMSUNG A41,6,29.00
,1143,"Akcesoria GSM, Jelly Case",JELLY SAMSUNG A42 5G,1,29.00
,1144,"Akcesoria GSM, Jelly Case",JELLY SAMSUNG A51,1,29.00
,1145,"Akcesoria GSM, Jelly Case",JELLY SAMSUNG A70,2,29.00
,1146,"Akcesoria GSM, Jelly Case",JELLY SAMSUNG A71,4,29.00
,1147,"Akcesoria GSM, Jelly Case",JELLY SAMSUNG J3 2017,2,29.00
,1148,"Akcesoria GSM, Jelly Case",JELLY SAMSUNG J5 2017,1,29.00
,1149,"Akcesoria GSM, Jelly Case",JELLY SAMSUNG J6 2018,4,29.00
,1150,"Akcesoria GSM, Jelly Case",JELLY SAMSUNG J7 2017,3,29.00
,1151,"Akcesoria GSM, Jelly Case",JELLY SAMSUNG M11 A11,2,29.00
,1152,"Akcesoria GSM, Jelly Case",JELLY SAMSUNG M31,6,29.00
,1153,"Akcesoria GSM, Jelly Case",JELLY SAMSUNG M31S,5,29.00
,1154,"Akcesoria GSM, Jelly Case",JELLY SAMSUNG M51,1,29.00
,1155,"Akcesoria GSM, Jelly Case",JELLY SAMSUNG NOTE 10,3,29.00
,1156,"Akcesoria GSM, Jelly Case",JELLY SAMSUNG NOTE 10 PLUS,3,29.00
,1157,"Akcesoria GSM, Jelly Case",JELLY SAMSUNG S10,17,29.00
,1158,"Akcesoria GSM, Jelly Case",JELLY SAMSUNG S10 LITE,2,29.00
,1159,"Akcesoria GSM, Jelly Case",JELLY SAMSUNG S10 PLUS,6,29.00
,1160,"Akcesoria GSM, Jelly Case",JELLY SAMSUNG S10E,12,29.00
,1161,"Akcesoria GSM, Jelly Case",JELLY SAMSUNG S20,3,29.00
,1162,"Akcesoria GSM, Jelly Case",JELLY SAMSUNG S20 PLUS,1,29.00
,1163,"Akcesoria GSM, Jelly Case",JELLY SAMSUNG S20 ULTRA,6,29.00
,1164,"Akcesoria GSM, Jelly Case","JELLY SAMSUNG S20FE, S20FE 5G",2,29.00
,1165,"Akcesoria GSM, Jelly Case",JELLY SAMSUNG S21 PLUS,2,29.00
,1166,"Akcesoria GSM, Jelly Case",JELLY SAMSUNG S9,3,29.00
,1167,"Akcesoria GSM, Jelly Case",JELLY SAMSUNG S9 PLUS,3,29.00
,1168,"Akcesoria GSM, Jelly Case",JELLY SAMSUNG XCOVER PRO,1,29.00
,1169,"Akcesoria GSM, Jelly Case Special",JELLY SPECJAL CIEL BY CYRILL IPHONE 11 PRO MAX,1,35.00
,1170,"Akcesoria GSM, Jelly Case Special",JELLY SPECJAL HUAWEI MATE 10 LITE,1,35.00
,1171,"Akcesoria GSM, Jelly Case Special",JELLY SPECJAL HUAWEI MATE 20 LITE,1,35.00
,1172,"Akcesoria GSM, Jelly Case Special",JELLY SPECJAL HUAWEI P SMART Z,1,35.00
,1173,"Akcesoria GSM, Jelly Case Special",JELLY SPECJAL HUAWEI P30 LITE,1,35.00
,1174,"Akcesoria GSM, Jelly Case Special",JELLY SPECJAL HUAWEI P30 PRO,1,35.00
,1175,"Akcesoria GSM, Jelly Case Special",JELLY SPECJAL HUAWEI P40 LITE E,1,35.00
,1176,"Akcesoria GSM, Jelly Case Special",JELLY SPECJAL HUAWEI Y5 2018,1,35.00
,1177,"Akcesoria GSM, Jelly Case Special",JELLY SPECJAL HUAWEI Y5 2019,3,35.00
,1178,"Akcesoria GSM, Jelly Case Special",JELLY SPECJAL HUAWEI Y7 2019,1,35.00
,1179,"Akcesoria GSM, Jelly Case Special",JELLY SPECJAL IPHONE 11 PRO,2,35.00
,1180,"Akcesoria GSM, Jelly Case Special",JELLY SPECJAL IPHONE 11 PRO MAX,9,35.00
,1181,"Akcesoria GSM, Jelly Case Special",JELLY SPECJAL IPHONE 12 MINI,1,35.00
,1182,"Akcesoria GSM, Jelly Case Special",JELLY SPECJAL IPHONE 12 PRO,3,35.00
,1183,"Akcesoria GSM, Jelly Case Special",JELLY SPECJAL IPHONE 12 PRO MAX,2,35.00
,1184,"Akcesoria GSM, Jelly Case Special",JELLY SPECJAL IPHONE 13 MINI,2,35.00
,1185,"Akcesoria GSM, Jelly Case Special",JELLY SPECJAL IPHONE 13 PRO MAX,2,35.00
,1186,"Akcesoria GSM, Jelly Case Special",JELLY SPECJAL IPHONE 6/6S,1,35.00
,1187,"Akcesoria GSM, Jelly Case Special",JELLY SPECJAL IPHONE 7/8/2020SE,6,35.00
,1188,"Akcesoria GSM, Jelly Case Special",JELLY SPECJAL IPHONE X/XS,3,35.00
,1189,"Akcesoria GSM, Jelly Case Special",JELLY SPECJAL IPHONE XR,1,35.00
,1190,"Akcesoria GSM, Jelly Case Special",JELLY SPECJAL IPHONE XS MAX,2,35.00
,1191,"Akcesoria GSM, Jelly Case Special",JELLY SPECJAL SAMSUNG A02S,1,35.00
,1192,"Akcesoria GSM, Jelly Case Special",JELLY SPECJAL SAMSUNG A10,3,35.00
,1193,"Akcesoria GSM, Jelly Case Special",JELLY SPECJAL SAMSUNG A20E,4,35.00
,1194,"Akcesoria GSM, Jelly Case Special",JELLY SPECJAL SAMSUNG A32,1,35.00
,1195,"Akcesoria GSM, Jelly Case Special",JELLY SPECJAL SAMSUNG A32 5G,1,35.00
,1196,"Akcesoria GSM, Jelly Case Special",JELLY SPECJAL SAMSUNG A40,3,35.00
,1197,"Akcesoria GSM, Jelly Case Special",JELLY SPECJAL SAMSUNG A41,4,35.00
,1198,"Akcesoria GSM, Jelly Case Special",JELLY SPECJAL SAMSUNG A50,3,35.00
,1199,"Akcesoria GSM, Jelly Case Special",JELLY SPECJAL SAMSUNG A51,3,35.00
,1200,"Akcesoria GSM, Jelly Case Special",JELLY SPECJAL SAMSUNG A52,1,35.00
,1201,"Akcesoria GSM, Jelly Case Special",JELLY SPECJAL SAMSUNG A70,4,35.00
,1202,"Akcesoria GSM, Jelly Case Special",JELLY SPECJAL SAMSUNG A72,4,35.00
,1203,"Akcesoria GSM, Jelly Case Special",JELLY SPECJAL SAMSUNG M21,2,35.00
,1204,"Akcesoria GSM, Jelly Case",JELLY SPECJAL SAMSUNG M31,3,35.00
,1205,"Akcesoria GSM, Jelly Case Special",JELLY SPECJAL SAMSUNG M31S,2,35.00
,1206,"Akcesoria GSM, Jelly Case Special",JELLY SPECJAL SAMSUNG M51,5,35.00
,1207,"Akcesoria GSM, Jelly Case Special",JELLY SPECJAL SAMSUNG NOTE 10 PLUS,2,35.00
,1208,"Akcesoria GSM, Jelly Case Special",JELLY SPECJAL SAMSUNG S10 PLUS,2,35.00
,1209,"Akcesoria GSM, Jelly Case Special",JELLY SPECJAL SAMSUNG S10E,2,35.00
,1210,"Akcesoria GSM, Jelly Case Special",JELLY SPECJAL SAMSUNG S20,3,35.00
,1211,"Akcesoria GSM, Jelly Case Special",JELLY SPECJAL SAMSUNG S20 PLUS,7,35.00
,1212,"Akcesoria GSM, Jelly Case Special",JELLY SPECJAL SAMSUNG S20FE,1,35.00
,1213,"Akcesoria GSM, Jelly Case Special",JELLY SPECJAL SAMSUNG S21 PLUS,2,35.00
,1214,"Akcesoria GSM, Jelly Case Special",JELLY SPECJAL SAMSUNG S21 ULTRA,1,35.00
,1215,"Akcesoria GSM, Jelly Case Special",JELLY SPECJAL SAMSUNG S9,2,35.00
,1216,"Akcesoria GSM, Jelly Case Special",JELLY SPECJAL XIAOMI REDMI 7,1,35.00
,1217,"Akcesoria GSM, Jelly Case Special",JELLY SPECJAL XIAOMI REDMI 8A,2,35.00
,1218,"Akcesoria GSM, Jelly Case Special",JELLY SPECJAL XIAOMI REDMI 9,4,35.00
,1219,"Akcesoria GSM, Jelly Case Special",JELLY SPECJAL XIAOMI REDMI 9C,3,35.00
,1220,"Akcesoria GSM, Jelly Case Special",JELLY SPECJAL XIAOMI REDMI NOTE 10 5G,2,35.00
,1221,"Akcesoria GSM, Jelly Case Special",JELLY SPECJAL XIAOMI REDMI NOTE 10 PRO,2,35.00
,1222,"Akcesoria GSM, Jelly Case Special","JELLY SPECJAL XIAOMI REDMI NOTE 10, 10S",1,35.00
,1223,"Akcesoria GSM, Jelly Case Special",JELLY SPECJAL XIAOMI REDMI NOTE 8,4,35.00
,1224,"Akcesoria GSM, Jelly Case",JELLY SPECJAL XIAOMI REDMI NOTE 9 PRO/9S,3,35.00
,1225,"Akcesoria GSM, Jelly Case",JELLY XIAOMI MI NOTE 10,1,35.00
,1226,"Akcesoria GSM, Jelly Case",JELLY XIAOMI MI NOTE 10 LITE,4,35.00
,1227,"Akcesoria GSM, Jelly Case",JELLY XIAOMI MI11 LITE 5G,5,35.00
,1228,"Akcesoria GSM, Jelly Case",JELLY XIAOMI MI9 T,3,35.00
,1229,"Akcesoria GSM, Jelly Case",JELLY XIAOMI REDMI 5 PLUS,1,35.00
,1230,"Akcesoria GSM, Jelly Case",JELLY XIAOMI REDMI 7A,7,35.00
,1231,"Akcesoria GSM, Jelly Case",JELLY XIAOMI REDMI 8,9,35.00
,1232,"Akcesoria GSM, Jelly Case",JELLY XIAOMI REDMI 8A,7,35.00
,1233,"Akcesoria GSM, Jelly Case",JELLY XIAOMI REDMI NOTE 10,1,35.00
,1234,"Akcesoria GSM, Jelly Case","JELLY XIAOMI REDMI NOTE 10 5G, POCO M3 PRO, POCO M3 PRO 5G",5,35.00
,1235,"Akcesoria GSM, Jelly Case",JELLY XIAOMI REDMI NOTE 10 PRO,3,35.00
,1236,"Akcesoria GSM, Jelly Case","JELLY XIAOMI REDMI NOTE 10, 10S",1,35.00
,1237,"Akcesoria GSM, Jelly Case",JELLY XIAOMI REDMI NOTE 7,3,35.00
,1238,"Akcesoria GSM, Jelly Case",JELLY XIAOMI REDMI NOTE 8,4,35.00
,1239,"Akcesoria GSM, Jelly Case",JELLY XIAOMI REDMI NOTE 9 PRO/9S,1,35.00
,1240,"Akcesoria GSM, Jelly Case",JELLY XIAOMI REDMI NOTE 9T 5G,3,35.00
,1241,"Akcesoria GSM, Adaptery",KABEL OTG T_0010289/P1000,2,40.00
,1242,"Akcesoria GSM, Adaptery",KABEL OTG TYPE-C,1,15.00
,1243,"Akcesoria GSM, Kabury",KABURA HUAWEI P SMART 2021,1,29.00
,1244,"Akcesoria GSM, Kabury",KABURA HUAWEI P30,1,29.00
,1245,"Akcesoria GSM, Kabury",KABURA HUAWEI P30 LITE,2,29.00
,1246,"Akcesoria GSM, Kabury",KABURA HUAWEI P30 PRO,1,29.00
,1247,"Akcesoria GSM, Kabury",KABURA HUAWEI P40,2,29.00
,1248,"Akcesoria GSM, Kabury",KABURA HUAWEI P40 LITE 5G,1,29.00
,1249,"Akcesoria GSM, Kabury",KABURA HUAWEI P40 PRO,2,29.00
,1250,"Akcesoria GSM, Kabury",KABURA HUAWEI P40LITE,3,29.00
,1251,"Akcesoria GSM, Kabury",KABURA HUAWEI P40LITE E,2,29.00
,1252,"Akcesoria GSM, Kabury",KABURA HUAWEI Y6P,2,29.00
,1253,"Akcesoria GSM, Kabury",KABURA IPHONE 11,2,29.00
,1254,"Akcesoria GSM, Kabury",KABURA IPHONE 12 MINI,1,29.00
,1255,"Akcesoria GSM, Kabury",KABURA IPHONE 12 PRO MAX,1,29.00
,1256,"Akcesoria GSM, Kabury",KABURA IPHONE 13 PRO,2,29.00
,1257,"Akcesoria GSM, Kabury",KABURA IPHONE 13 PRO MAX,3,29.00
,1258,"Akcesoria GSM, Kabury",KABURA IPHONE 7/8/2020SE,4,29.00
,1259,"Akcesoria GSM, Kabury",KABURA IPHONE XR,2,29.00
,1260,"Akcesoria GSM, Kabury",KABURA IPHONE XS MAX,2,29.00
,1261,"Akcesoria GSM, Kabury",KABURA OPPO A31,1,29.00
,1262,"Akcesoria GSM, Kabury Orygiał",KABURA ORG HUAWEI P20,1,29.00
,1263,"Akcesoria GSM, Kabury Orygiał",KABURA ORG HUAWEI P30,2,29.00
,1264,"Akcesoria GSM, Kabury Orygiał",KABURA ORG HUAWEI P40,1,29.00
,1265,"Akcesoria GSM, Kabury Orygiał",KABURA ORG SAMSUNG A40,1,29.00
,1266,"Akcesoria GSM, Kabury Orygiał",KABURA ORG SAMSUNG S8 PLUS,1,29.00
,1267,"Akcesoria GSM, Kabury",KABURA SAMSUNG A02S,1,29.00
,1268,"Akcesoria GSM, Kabury",KABURA SAMSUNG A10,3,29.00
,1269,"Akcesoria GSM, Kabury",KABURA SAMSUNG A20S,5,29.00
,1270,"Akcesoria GSM, Kabury",KABURA SAMSUNG A21,4,29.00
,1271,"Akcesoria GSM, Kabury",KABURA SAMSUNG A22 4G,4,29.00
,1272,"Akcesoria GSM, Kabury",KABURA SAMSUNG A30,1,29.00
,1273,"Akcesoria GSM, Kabury",KABURA SAMSUNG A31,4,29.00
,1274,"Akcesoria GSM, Kabury",KABURA SAMSUNG A40,1,29.00
,1275,"Akcesoria GSM, Kabury",KABURA SAMSUNG A51,1,29.00
,1276,"Akcesoria GSM, Kabury",KABURA SAMSUNG A70,1,29.00
,1277,"Akcesoria GSM, Kabury",KABURA SAMSUNG A71,2,29.00
,1278,"Akcesoria GSM, Kabury",KABURA SAMSUNG J5 2017,1,29.00
,1279,"Akcesoria GSM, Kabury",KABURA SAMSUNG J500,1,29.00
,1280,"Akcesoria GSM, Kabury",KABURA SAMSUNG J7 2017,1,29.00
,1281,"Akcesoria GSM, Kabury",KABURA SAMSUNG M11,1,29.00
,1282,"Akcesoria GSM, Kabury",KABURA SAMSUNG M21,2,29.00
,1283,"Akcesoria GSM, Kabury",KABURA SAMSUNG M31,3,29.00
,1284,"Akcesoria GSM, Kabury",KABURA SAMSUNG M31S,1,29.00
,1285,"Akcesoria GSM, Kabury",KABURA SAMSUNG NOTE 10,1,29.00
,1286,"Akcesoria GSM, Kabury",KABURA SAMSUNG NOTE 10 LITE,4,29.00
,1287,"Akcesoria GSM, Kabury",KABURA SAMSUNG NOTE 10 PLUS,1,29.00
,1288,"Akcesoria GSM, Kabury",KABURA SAMSUNG S10,4,29.00
,1289,"Akcesoria GSM, Kabury",KABURA SAMSUNG S10 LITE,3,29.00
,1290,"Akcesoria GSM, Kabury",KABURA SAMSUNG S20,2,29.00
,1291,"Akcesoria GSM, Kabury",KABURA SAMSUNG S20 PLUS,3,29.00
,1292,"Akcesoria GSM, Kabury","KABURA SAMSUNG S20FE, S20FE 5G",2,29.00
,1293,"Akcesoria GSM, Kabury",KABURA SAMSUNG S7 EDGE,1,29.00
,1294,"Akcesoria GSM, Kabury",KABURA SAMSUNG S9 PLUS,2,29.00
,1295,"Akcesoria GSM, Kabury",KABURA SAMSUNG XCOVER 3,1,29.00
,1296,"Akcesoria GSM, Kabury",KABURA SAMSUNG XCOVER 4,1,29.00
,1297,"Akcesoria GSM, Kabury",KABURA SAMSUNG XCOVER 5,1,29.00
,1298,"Akcesoria GSM, Kabury special",KABURA SPECJAL HUAWEI P30,7,35.00
,1299,"Akcesoria GSM, Kabury special",KABURA SPECJAL HUAWEI P30 PRO,1,35.00
,1300,"Akcesoria GSM, Kabury special",KABURA SPECJAL HUAWEI P40 LITE E,1,35.00
,1301,"Akcesoria GSM, Kabury special",KABURA SPECJAL HUAWEI Y5P,2,35.00
,1302,"Akcesoria GSM, Kabury special",KABURA SPECJAL HUAWEI Y6P,2,35.00
,1303,"Akcesoria GSM, Kabury special",KABURA SPECJAL IPHONE 11 PRO,4,35.00
,1304,"Akcesoria GSM, Kabury special",KABURA SPECJAL IPHONE 11 PRO MAX,3,35.00
,1305,"Akcesoria GSM, Kabury special",KABURA SPECJAL IPHONE 13,2,35.00
,1306,"Akcesoria GSM, Kabury special",KABURA SPECJAL IPHONE 13 PRO MAX,2,35.00
,1307,"Akcesoria GSM, Kabury special",KABURA SPECJAL IPHONE XR,4,35.00
,1308,"Akcesoria GSM, Kabury special",KABURA SPECJAL IPHONE XS MAX,4,35.00
,1309,"Akcesoria GSM, Kabury special","KABURA SPECJAL MOTOROLA G9 PLAY, E7 PLUS",1,35.00
,1310,"Akcesoria GSM, Kabury special",KABURA SPECJAL P40 LITE,1,35.00
,1311,"Akcesoria GSM, Kabury special",KABURA SPECJAL P40 PRO,1,35.00
,1312,"Akcesoria GSM, Kabury special",KABURA SPECJAL SAMSUNG A10,1,35.00
,1313,"Akcesoria GSM, Kabury special",KABURA SPECJAL SAMSUNG A20E,1,35.00
,1314,"Akcesoria GSM, Kabury special",KABURA SPECJAL SAMSUNG A22 5G,3,35.00
,1315,"Akcesoria GSM, Kabury special",KABURA SPECJAL SAMSUNG A30,4,35.00
,1316,"Akcesoria GSM, Kabury special",KABURA SPECJAL SAMSUNG A32,4,35.00
,1317,"Akcesoria GSM, Kabury special",KABURA SPECJAL SAMSUNG A32 5G,3,35.00
,1318,"Akcesoria GSM, Kabury special",KABURA SPECJAL SAMSUNG A40,2,35.00
,1319,"Akcesoria GSM, Kabury special",KABURA SPECJAL SAMSUNG A52,3,35.00
,1320,"Akcesoria GSM, Kabury special",KABURA SPECJAL SAMSUNG A6 plus 2018,1,35.00
,1321,"Akcesoria GSM, Kabury special",KABURA SPECJAL SAMSUNG J3 2017,1,35.00
,1322,"Akcesoria GSM, Kabury special",KABURA SPECJAL SAMSUNG M21,1,35.00
,1323,"Akcesoria GSM, Kabury special",KABURA SPECJAL SAMSUNG M51,7,35.00
,1324,"Akcesoria GSM, Kabury special",KABURA SPECJAL SAMSUNG S10,2,35.00
,1325,"Akcesoria GSM, Kabury special",KABURA SPECJAL SAMSUNG S10 LITE,4,35.00
,1326,"Akcesoria GSM, Kabury special",KABURA SPECJAL SAMSUNG S10 PLUS,3,35.00
,1327,"Akcesoria GSM, Kabury special",KABURA SPECJAL SAMSUNG S10E,3,35.00
,1328,"Akcesoria GSM, Kabury special",KABURA SPECJAL SAMSUNG S20 PLUS,3,35.00
,1329,"Akcesoria GSM, Kabury special",KABURA SPECJAL SAMSUNG S20 ULTRA,6,35.00
,1330,"Akcesoria GSM, Kabury special",KABURA SPECJAL SAMSUNG S21,1,35.00
,1331,"Akcesoria GSM, Kabury special",KABURA SPECJAL SAMSUNG S21 PLUS,1,35.00
,1332,"Akcesoria GSM, Kabury special",KABURA SPECJAL SAMSUNG S9 PLUS,3,35.00
,1333,"Akcesoria GSM, Kabury special","KABURA SPECJAL XIAOMI MI 10T 5G, MI 10T PRO 5G",5,35.00
,1334,"Akcesoria GSM, Kabury special",KABURA SPECJAL XIAOMI REDMI 8,2,35.00
,1335,"Akcesoria GSM, Kabury special",KABURA SPECJAL XIAOMI REDMI 8A,6,35.00
,1336,"Akcesoria GSM, Kabury special",KABURA SPECJAL XIAOMI REDMI NOTE 10,1,35.00
,1337,"Akcesoria GSM, Kabury special","KABURA SPECJAL XIAOMI REDMI NOTE 10 5G, POCO M3 PRO, POCO M3 PRO 5G",1,35.00
,1338,"Akcesoria GSM, Kabury special",KABURA SPECJAL XIAOMI REDMI NOTE 8,1,35.00
,1339,"Akcesoria GSM, Kabury special",KABURA SPECJAL XIAOMI REDMI NOTE 8 PRO,1,35.00
,1340,"Akcesoria GSM, Kabury special",KABURA SPECJAL XIAOMI REDMI NOTE 9T 5G,3,35.00
,1341,"Akcesoria GSM, Kabury uniwersalne",KABURA UNIWERSALNA,5,35.00
,1342,"Akcesoria GSM, Kabury uniwersalne",KABURA UNIWERSALNA NA PASEK,2,35.00
,1343,"Akcesoria GSM, Kabury uniwersalne",KABURA UNIWERSALNA SPORT,2,35.00
,1344,"Akcesoria GSM, Kabury uniwersalne",KABURA UNIWERSALNA WSUWKA,7,25.00
,1345,"Akcesoria GSM, Kabury",KABURA XIAOMI MI NOTE 10,2,35.00
,1346,"Akcesoria GSM, Kabury",KABURA XIAOMI MI NOTE 10 LITE,3,35.00
,1347,"Akcesoria GSM, Kabury",KABURA XIAOMI MI9 LITE,2,35.00
,1348,"Akcesoria GSM, Kabury",KABURA XIAOMI MI9 T,4,35.00
,1349,"Akcesoria GSM, Kabury",KABURA XIAOMI REDMI 7,1,35.00
,1350,"Akcesoria GSM, Kabury",KABURA XIAOMI REDMI 8,1,35.00
,1351,"Akcesoria GSM, Kabury",KABURA XIAOMI REDMI 8A,4,35.00
,1352,"Akcesoria GSM, Kabury",KABURA XIAOMI REDMI 9C,1,35.00
,1353,"Akcesoria GSM, Kabury","KABURA XIAOMI REDMI NOTE 10, 10S",2,35.00
,1354,"Akcesoria GSM, Kabury",KABURA XIAOMI REDMI NOTE 8,2,35.00
,1355,"Akcesoria GSM, Kabury",KABURA XIAOMI REDMI NOTE 8T,1,35.00
,1356,"Akcesoria GSM, Kabury",KABURA XIAOMI REDMI NOTE 9,1,35.00
,1357,"Akcesoria GSM, Kabury",KABURA XIAOMI REDMI NOTE 9T 5G,2,35.00
,1358,"Akcesoria GSM, Ładowarka samochodowa","ŁAD SAMOCHODOWA ATX MAX 2X USB 2,1A",5,25.00
,1359,"Akcesoria GSM, Ładowarka samochodowa",ŁAD SAMOCHODOWA ATX MICRO 2A,2,25.00
,1360,"Akcesoria GSM, Ładowarka samochodowa",ŁADOWARKA SAMOCHODOWA REMAX 2W1,2,40.00
,1361,"Akcesoria GSM, Ładowarka sieciowa",ŁADOWARKA SIECIOWA BLUESTAR NOKIA 3310 6101,1,29.00
,1362,"Akcesoria GSM, Ładowarka sieciowa",ŁADOWARKA SIECIOWA BLUESTAR NOKIA 6101 N95,1,29.00
,1363,"Akcesoria GSM, Kara pamięci USB 2.0",PENDRIVE 16GB GOODRAM,1,30.00
,1364,"Akcesoria GSM, Kara pamięci USB 2.0",PENDRIVE 32GB EASY,1,45.01
,1365,"Akcesoria GSM, Kara pamięci USB 3.0",PENDRIVE 32GB GOODRAM,1,50.00
,1366,"Akcesoria GSM, Kara pamięci USB 3.0",PENDRIVE 64GB KINGSTON MICRO USB/USB,1,75.01
,1367,"Akcesoria GSM, Powerbanki",POWERBANK CASE FOR IPHONE X/XS 3200,1,89.00
,1368,"Akcesoria GSM, Adaptery",PRZEJŚCIÓWKA MICRO DO LIGHTNING,5,29.00
,1369,"Akcesoria GSM, Adaptery",PRZEJŚCIÓWKA MICRO USB TO TYPE-C,13,10.00
,1370,"Akcesoria GSM, Adaptery",PRZEJŚCIÓWKA TYPE-C DO MICRO USB,2,29.00
,1371,"Akcesoria GSM, Adaptery",PRZEJŚCIÓWKA USB TO TYPE-C BASEUS,1,25.00
,1372,"Akcesoria GSM, Ładowarka samochodowa",SAMOCHODOWA ŁAD. BASEUS GRAIN CAR CHARGER,1,39.00
,1373,"Akcesoria GSM, Ładowarka samochodowa",SAMOCHODOWA ŁAD. HOCO IPHONE Z2,2,29.00
,1374,"Akcesoria GSM, Ładowarka samochodowa",SAMOCHODOWA ŁAD. REMAX 4USB ADAPTER,1,59.00
,1375,"Akcesoria GSM, Kijek selfie",SELFIESTICK BLUESTAR JACK,1,35.01
,1376,"Akcesoria GSM, Kijek selfie",SELFIESTICK BLUESTAR LIGHTNING,1,35.01
,1378,"Akcesoria GSM, Futerały SPIGEN",SPIGEN HUAWEI P30,3,65.00
,1379,"Akcesoria GSM, Futerały SPIGEN",SPIGEN HUAWEI P40,1,65.00
,1380,"Akcesoria GSM, Futerały SPIGEN",SPIGEN IPHONE 11 PRO,1,65.00
,1381,"Akcesoria GSM, Futerały SPIGEN",SPIGEN IPHONE 11 PRO MAX,1,65.00
,1382,"Akcesoria GSM, Futerały SPIGEN",SPIGEN IPHONE 13 PRO MAX,1,65.00
,1383,"Akcesoria GSM, Futerały SPIGEN",SPIGEN IPHONE XS MAX,1,65.00
,1384,"Akcesoria GSM, Futerały SPIGEN",SPIGEN SAMSUNG A40,2,65.00
,1385,"Akcesoria GSM, Futerały SPIGEN",SPIGEN SAMSUNG A41,1,65.00
,1386,"Akcesoria GSM, Futerały SPIGEN",SPIGEN SAMSUNG M21,1,65.00
,1387,"Akcesoria GSM, Futerały SPIGEN",SPIGEN SAMSUNG S10,1,65.00
,1388,"Akcesoria GSM, Futerały SPIGEN",SPIGEN SAMSUNG S20,1,65.00
,1389,"Akcesoria GSM, Futerały SPIGEN",SPIGEN SAMSUNG S20 PLUS,1,65.00
,1390,"Akcesoria GSM, Futerały SPIGEN",SPIGEN SAMSUNG S20 ULTRA,2,65.00
,1391,"Akcesoria GSM, Futerały SPIGEN",SPIGEN SAMSUNG S21 ULTRA 5G,1,65.00
,1392,"Akcesoria GSM, Futerały SPIGEN",SPIGEN SAMSUNG S9,3,65.00
,1393,"Akcesoria GSM, Futerały SPIGEN",SPIGEN XIAOMI MI9 T,1,65.00
,1394,"Akcesoria GSM, Futerały SPIGEN",SPIGEN XIAOMI REDMI NOTE 9PRO MAX/NOTE 9S/NOTE 9 PRO,1,65.00
,1395,"Akcesoria GSM, Szkło hartowane",SZKŁO HAMMER ACTIVE,2,25.00
,1396,"Akcesoria GSM, Szkło hartowane",SZKŁO HAMMER ACTIVE 2,3,25.00
,1397,"Akcesoria GSM, Szkło hartowane",SZKŁO HAMMER ENERGY,2,25.00
,1398,"Akcesoria GSM, Szkło hartowane",SZKŁO HAMMER EXPLORER,1,25.00
,1399,"Akcesoria GSM, Szkło hartowane",SZKŁO HAMMER IRON 2,1,25.00
,1400,"Akcesoria GSM, Szkło hartowane",SZKŁO HUAWEI MATE 10 LITE,1,25.00
,1401,"Akcesoria GSM, Szkło hartowane",SZKŁO HUAWEI P SMART,1,25.00
,1402,"Akcesoria GSM, Szkło hartowane",SZKŁO HUAWEI P SMART Z,5,25.00
,1403,"Akcesoria GSM, Szkło hartowane",SZKŁO HUAWEI P10,3,25.00
,1404,"Akcesoria GSM, Szkło hartowane",SZKŁO HUAWEI P20 PRO,5,25.00
,1405,"Akcesoria GSM, Szkło hartowane",SZKŁO HUAWEI P40,3,25.00
,1406,"Akcesoria GSM, Szkło hartowane",SZKŁO HUAWEI P9 LITE,3,25.00
,1407,"Akcesoria GSM, Szkło hartowane",SZKŁO HUAWEI Y5 2019,20,25.00
,1408,"Akcesoria GSM, Szkło hartowane",SZKŁO HUAWEI Y5 LITE 2018,5,25.00
,1409,"Akcesoria GSM, Szkło hartowane",SZKŁO iPHONE 11 APARAT,3,25.00
,1410,"Akcesoria GSM, Szkło hartowane",SZKŁO iPHONE 11 XR,1,25.00
,1411,"Akcesoria GSM, Szkło hartowane",SZKŁO iPHONE 12 PRO MAX,3,25.00
,1412,"Akcesoria GSM, Szkło hartowane",SZKŁO IPHONE 13 PRO MAX,2,25.00
,1413,"Akcesoria GSM, Szkło hartowane","SZKŁO IPHONE XS MAX, 11 PRO MAX",2,25.00
,1414,"Akcesoria GSM, Szkło hartowane",SZKŁO MOTO E6,1,25.00
,1415,"Akcesoria GSM, Szkło hartowane",SZKŁO MOTO G5 PLUS,1,25.00
,1416,"Akcesoria GSM, Szkło hartowane",SZKŁO MOTO G8 POWER,1,25.00
,1417,"Akcesoria GSM, Szkło hartowane",SZKŁO OPPO A72,1,25.00
,1418,"Akcesoria GSM, Szkło hartowane",SZKŁO P40 LITE,1,25.00
,1419,"Akcesoria GSM, Szkło hartowane","SZKŁO SAMSUNG A21, A21S",1,25.00
,1420,"Akcesoria GSM, Szkło hartowane",SZKŁO SAMSUNG A3 2017,6,25.00
,1421,"Akcesoria GSM, Szkło hartowane",SZKŁO SAMSUNG A8 2018,4,25.00
,1422,"Akcesoria GSM, Szkło hartowane",SZKŁO SAMSUNG A9 2018,10,25.00
,1423,"Akcesoria GSM, Szkło hartowane",SZKŁO SAMSUNG GALAXY A20S,2,25.00
,1424,"Akcesoria GSM, Szkło hartowane",SZKŁO SAMSUNG J3 2016,1,25.00
,1425,"Akcesoria GSM, Szkło hartowane",SZKŁO SAMSUNG J5 2016,3,25.00
,1426,"Akcesoria GSM, Szkło hartowane",SZKŁO SAMSUNG J7 2016,2,25.00
,1427,"Akcesoria GSM, Szkło hartowane",SZKŁO SAMSUNG M12,1,25.00
,1428,"Akcesoria GSM, Szkło hartowane",SZKŁO SAMSUNG XCOVER 3,6,25.00
,1429,"Akcesoria GSM, Folia UV",SZKŁO UV SAMSUNG NOTE 10 PLUS,1,25.00
,1430,"Akcesoria GSM, Szkło hartowane",SZKŁO XIAOMI MI 10T Lite,2,25.00
,1431,"Akcesoria GSM, Szkło hartowane",SZKŁO XIAOMI MI 11 LITE 4G/5G,1,25.00
,1432,"Akcesoria GSM, Szkło hartowane",SZKŁO XIAOMI MI 8 LITE,1,25.00
,1433,"Akcesoria GSM, Szkło hartowane",SZKŁO XIAOMI MI NOTE 10,4,25.00
,1434,"Akcesoria GSM, Szkło hartowane",SZKŁO XIAOMI NOTE 8 T,1,25.00
,1435,"Akcesoria GSM, Szkło hartowane",SZKŁO XIAOMI REDMI 7A,1,25.00
,1436,"Akcesoria GSM, Szkło hartowane",SZKŁO XIAOMI REDMI NOTE 10 10s,2,25.00
,1437,"Akcesoria GSM, Szkło hartowane",SZKŁO XIAOMI REDMI NOTE 10 PRO MAX,1,25.00
,1438,"Akcesoria GSM, Szkło hartowane",SZKŁO XIAOMI REDMI NOTE 7,2,25.00
,1439,"Akcesoria GSM, Szkło hartowane",SZKŁO XIAOMI REDMI NOTE 9T 5G,2,25.00
,1442,"Akcesoria GSM, Uchwyty samochodowe",UCHWYT BASEUS PLATINIUM KIPS,2,45.00
,1443,"Akcesoria GSM, Uchwyty samochodowe",UCHWYT NA MOTOCYKL GPS/MOBILE,1,35.00
,1444,"Akcesoria GSM, Uchwyty samochodowe",UCHWYT REMAX RM-C57,2,39.00
,1446,"Akcesoria GSM, Uchwyty samochodowe",UCHWYT WIRELESS CAR CHARGER SUI FOR ALL QI,2,30.00
,1447,"Akcesoria GSM, Uchwyty samochodowe",UCHYWT BASEUS DO KOKPITU SMALL EARS SERIES,1,49.00
,1448,"Akcesoria GSM, Uchwyty samochodowe",UCHYWT FORCELL DO SZYBY H-CT327,1,29.00
,1449,"Akcesoria GSM, Uchwyty samochodowe",UCHWYT HOCO DO SZYBY CA67,1,49.00
,1450,"Akcesoria GSM, Folia UV",UV HUAWEI P40 PRO,1,99.00
,1451,"Akcesoria GSM, Folia UV",UV SAMSUG S9 BESTSUIT,1,99.00
,1452,"Akcesoria GSM, Folia UV",UV SAMSUG S9 PLUS,1,99.00
,1453,"Akcesoria GSM, Folia UV",UV SAMSUNG NOTE 8,1,99.00
,1454,"Akcesoria GSM, Folia UV",UV SAMSUNG NOTE 9,2,99.00
,1455,"Akcesoria GSM, Folia UV",UV SAMSUNG S10,2,99.00
,1456,"Akcesoria GSM, Folia UV",UV SAMSUNG S10 PLUS,3,99.00
,1457,"Akcesoria GSM, Folia UV",UV SAMSUNG S20 LIGHT,3,99.00
,1458,"Akcesoria GSM, Folia UV",UV SAMSUNG S20 PLUS,2,99.00
,1459,"Akcesoria GSM, Folia UV",UV SAMSUNG S20 PLUS MONKEY,1,99.00
,1460,"Akcesoria GSM, Folia UV",UV SAMSUNG S7 EDGE,3,99.00
,1461,"Akcesoria GSM, Folia UV",UV SAMSUNG S8,1,99.00
,1462,"Akcesoria GSM, Folia UV",UV SAMSUNG S8 PLUS,1,99.00
,1463,"Akcesoria GSM, Transmitery",WIRELESS ODBIORNIK BLUETOOTH,1,25.01
,1464,"Akcesoria GSM, Ładowarka samochodowa",WTYCZKA HOCO 2.1A,1,25.01
,1465,"Akcesoria GSM, AUX","Baseus adapter Audio Type-C - 3,5mm",1,25.00
,1466,"Akcesoria GSM, Inne",BEZPRZEWODOWA LAMPKA LED BIURKO,1,69.00
,1467,"Akcesoria GSM, Baterie alkaiczne",Bateria Varta cr2025,4,7.00
,1468,"Akcesoria GSM, Kable USB",Kabel USB Typ C to Typ C,5,25.00
,1469,"Akcesoria GSM, Kable USB",Kabel Micro USB + Timer,1,40.00
,1470,"Akcesoria GSM, Kable USB",Kabel Micro USB Awei boczny 1m,1,35.00
,1471,"Akcesoria GSM, Baterie",Bateria Samsung A41,1,99.00
,1472,"Akcesoria GSM, Baterie",Bateria Samsung A70,1,79.00
,1615,"Laminaty, Wewnętrzne",Laminat LASERABLES 2 LZ-2901-016,1,60.00
,1616,"Laminaty, Wewnętrzne",Laminat LASERABLES 2 LZ-2902-016,1,60.00
,1618,"Laminaty, Wewnętrzne",Laminat LASERABLES 2 LZ-2904-016,4,60.00
,1619,"Laminaty, Wewnętrzne",Laminat LASERABLES 2 LZ-2906-016,1,60.00
,1620,"Laminaty, Wewnętrzne",Laminat LASERTHINS LZ-990-008,7,60.00
,1621,"Laminaty, Wewnętrzne",Laminat LASERTHINS LZ-991-008,5,60.00
,1622,"Laminaty, Wewnętrzne",Laminat LASERTHINS LZ-998-008,2,60.00
,1623,"Laminaty, Wewnętrzne",Laminat LASERTHINS LZ-9346-008,4,60.00
,1624,"Laminaty, Wewnętrzne",Laminat LASERTHINS LZ-9346-008D,4,60.00
,1625,"Laminaty, Wewnętrzne",Laminat LASERTHINS LZ-9372-008,2,60.00
,1627,"Laminaty, Wewnętrzne",Laminat LASERTHINS LZ-904-008,4,60.00
,1628,"Laminaty, Wewnętrzne",Laminat LASERTHINS LZ-906-008,1,60.00
